1576129994272,-2.6392822,0.48095703,5.924637,-0.084472656,-0.08866882,-0.036636353,-0.014086034,0.0016923079,-0.0032486448,0.9493923,0.025303653,0.31310228,-0.0062516714,0.99808276,-0.061704934,-0.31406033,0.05662429,0.94772154
1576129994272,-2.6392822,0.48095703,5.924637,-0.084472656,-0.08866882,-0.036636353,-0.014086034,0.0016923079,-0.0032486448,0.9493923,0.025303653,0.31310228,-0.0062516714,0.99808276,-0.061704934,-0.31406033,0.05662429,0.94772154
1576129994291,-2.6871338,0.48335266,5.749954,-0.10646057,-0.18273926,-0.024429321,-0.014576397,0.0018130348,-0.0040868567,0.94952387,0.025293458,0.31270412,-0.0063640927,0.9981005,-0.0614084,-0.31366026,0.05631818,0.9478722
1576129994296,-2.7086792,0.44506836,5.6398773,-0.11807251,-0.21633911,-0.020767212,-0.014699081,0.0018417859,-0.004300703,0.9496002,0.0252748,0.3124739,-0.006404361,0.99810874,-0.06127079,-0.31342843,0.05618107,0.9479571
1576129994319,-2.9599152,0.23928833,5.1134644,-0.20787048,-0.34461975,0.0018463135,-0.015266945,0.0019554186,-0.005330958,0.95036715,0.024920337,0.31016207,-0.0066311224,0.99819165,-0.059882797,-0.31109032,0.054853447,0.9488048
1576129994319,-2.9599152,0.23928833,5.1134644,-0.20787048,-0.34461975,0.0018463135,-0.015266945,0.0019554186,-0.005330958,0.95036715,0.024920337,0.31016207,-0.0066311224,0.99819165,-0.059882797,-0.31109032,0.054853447,0.9488048
1576129994336,-2.773285,0.21296692,5.1062775,-0.23291016,-0.38554382,0.018951416,-0.015733156,0.002018764,-0.0061875274,0.9511202,0.024395103,0.3078872,-0.00670834,0.99828035,-0.058374677,-0.3087787,0.05345546,0.9496392
1576129994354,-2.273178,0.39720154,4.8478546,-0.17182922,-0.3598938,0.06843567,-0.016168045,0.002080573,-0.007065526,0.95213425,0.023497626,0.30480745,-0.0065189204,0.99838376,-0.056602485,-0.30564168,0.051905707,0.9507393
1576129994369,-1.8209381,0.35653687,4.8430786,-0.11502075,-0.2804718,0.1124115,-0.016481811,0.0021482192,-0.0078403745,0.95264924,0.022803241,0.30324697,-0.006117933,0.9984282,-0.055859577,-0.30404094,0.051358905,0.95128214
1576129994388,-1.6534424,0.25602722,4.864609,-0.08569336,-0.24259949,0.13684082,-0.016699482,0.0022024456,-0.008491448,0.952892,0.022348592,0.3025175,-0.005777145,0.9984468,-0.05556365,-0.30328625,0.051198024,0.95153177
1576129994390,-1.6366882,0.21534729,4.8598175,-0.07409668,-0.23222351,0.14355469,-0.016739639,0.0022122571,-0.008621786,0.9529971,0.022124523,0.30220285,-0.005594956,0.998454,-0.055454254,-0.30295938,0.051156484,0.95163816
1576129994403,-1.9214325,0.088531494,5.637497,-0.08630371,-0.30307007,0.13439941,-0.017052712,0.0022726608,-0.0096413335,0.95341176,0.021319432,0.30095065,-0.004943746,0.9984786,-0.05507103,-0.30166373,0.051017087,0.9520572
1576129994417,-2.120041,0.01675415,6.008377,-0.1608429,-0.5828552,0.11790466,-0.017265758,0.002299435,-0.010217974,0.95444524,0.020166652,0.29773706,-0.004221238,0.998535,-0.054102276,-0.2983888,0.050380398,0.95312256
1576129994434,-2.0219421,-0.107681274,6.4869385,-0.20420837,-0.9457092,0.08125305,-0.01763372,0.0023145978,-0.011044852,0.95785725,0.01805712,0.28671157,-0.003491685,0.99868923,-0.05123268,-0.28725785,0.04807205,0.9566549
1576129994451,-1.409378,0.071777344,6.599411,-0.14189148,-1.106369,0.11302185,-0.017893981,0.0023219609,-0.011605735,0.96342975,0.015506316,0.26754937,-0.0027550184,0.9988537,-0.047970068,-0.26798368,0.04547828,0.962358
1576129994452,-1.2897339,0.021530151,6.649658,-0.13395691,-1.1020966,0.119125366,-0.017931312,0.0023245178,-0.011695878,0.9642442,0.015091026,0.26462314,-0.00257194,0.9988722,-0.047592647,-0.2650401,0.04520994,0.9631854
1576129994468,-0.7657013,-0.052642822,6.9391785,-0.111343384,-1.0617828,0.15638733,-0.018108556,0.0023355826,-0.012220124,0.9680192,0.012833805,0.25058755,-0.001338369,0.99894977,-0.045991294,-0.2509119,0.044184703,0.9670094
1576129994486,-0.38523865,0.27757263,7.6163483,-0.16877747,-1.0721588,0.1796112,-0.0182384,0.0023596846,-0.012849522,0.9735671,0.008484397,0.22828703,0.0013968635,0.9990789,-0.04308878,-0.22843991,0.042268343,0.9726483
1576129994502,-0.275177,0.3014984,8.248062,-0.17060852,-0.9457092,0.13623047,-0.018281486,0.0024065585,-0.013236552,0.9776744,0.0049167005,0.21011573,0.0035235349,0.9992111,-0.039777018,-0.21014327,0.039628986,0.9768754
1576129994502,-0.275177,0.3014984,8.248062,-0.17060852,-0.9457092,0.13623047,-0.018281486,0.0024065585,-0.013236552,0.9776744,0.0049167005,0.21011573,0.0035235349,0.9992111,-0.039777018,-0.21014327,0.039628986,0.9768754
1576129994523,-0.68673706,0.021530151,9.812973,0.068237305,-0.8278198,0.1796112,-0.018325528,0.0024664986,-0.013581378,0.9805561,0.002375962,0.19627577,0.005352092,0.99923986,-0.038834486,-0.19621673,0.039129533,0.9797878
1576129994542,-0.9643097,-0.17468262,10.09053,0.22767639,-1.3269043,0.3146057,-0.018424682,0.0024855507,-0.013694469,0.9850154,-0.00263985,0.17250413,0.0102741495,0.99901444,-0.043378867,-0.17221771,0.044500787,0.98406154
1576129994554,-0.73698425,0.06700134,9.623932,0.10977173,-1.6421051,0.33842468,-0.01850979,0.0024862175,-0.013728255,0.9897532,-0.008605241,0.14259966,0.015458883,0.9987826,-0.047025345,-0.14201985,0.048747465,0.98867106
1576129994557,-0.6125641,0.093322754,9.511475,0.10977173,-1.6421051,0.33842468,-0.018525694,0.0024878562,-0.013737772,0.9897532,-0.008605241,0.14259966,0.015458883,0.9987826,-0.047025345,-0.14201985,0.048747465,0.98867106
1576129994572,0.119644165,0.15553284,9.57608,-0.19625854,-1.5052643,0.23457336,-0.018580385,0.0025104256,-0.013826088,0.99519765,-0.017102862,0.096482925,0.021642687,0.9987058,-0.046206173,-0.09556675,0.048071977,0.9942698
1576129994587,-0.25842285,0.1986084,11.246262,-0.3080597,-1.1772308,0.119125366,-0.018571768,0.0025413563,-0.013878587,0.9970225,-0.020238511,0.07454061,0.023422495,0.99884737,-0.0420932,-0.073601946,0.043713402,0.9963374
1576129994606,-1.134201,0.25842285,13.488342,-0.19015503,-1.1106567,0.10446167,-0.018622426,0.0026022652,-0.013634041,0.9984297,-0.022560703,0.05146465,0.0244804,0.9990243,-0.036983807,-0.050579455,0.038185272,0.99799776
1576129994620,-0.9906311,0.0143585205,13.596024,-0.02583313,-1.5559692,0.16799927,-0.01871677,0.0026406057,-0.013290962,0.9992957,-0.02508315,0.028252432,0.026094936,0.999018,-0.036037054,-0.0273204,0.036748607,0.99895895
1576129994623,-0.653244,-0.08135986,13.244278,0.07434082,-1.8668976,0.19854736,-0.01875573,0.002650431,-0.0131377075,0.99961716,-0.027573815,0.0049293106,0.027738348,0.99893,-0.037229825,-0.0038973363,0.03735198,0.99930245
1576129994638,0.13639832,0.1603241,12.44986,0.13053894,-2.145462,0.19120789,-0.018822422,0.002669053,-0.012709476,0.99765646,-0.033995047,-0.059539422,0.03145034,0.9985811,-0.043166008,0.060921855,0.04119195,0.99730015
1576129994656,1.0839539,0.27757263,12.433105,-0.10462952,-1.6225586,0.059265137,-0.018772928,0.0027085277,-0.012304962,0.99157065,-0.038281742,-0.123861425,0.03281049,0.9984147,-0.045914587,0.12542161,0.041463237,0.9912448
1576129994672,1.1868439,0.6508484,14.498108,-0.293396,-0.7728424,-0.09527588,-0.018586041,0.002780952,-0.011851716,0.9884862,-0.037076537,-0.1467658,0.031201068,0.9986331,-0.04213469,0.148126,0.037069973,0.9882816
1576129994686,0.65563965,0.53359985,15.546173,-0.25857544,-0.5834656,-0.12094116,-0.018435456,0.0028575272,-0.011367919,0.98786527,-0.03601413,-0.15114646,0.030237664,0.9987368,-0.0403437,0.15240702,0.035283502,0.987696
1576129994689,0.5766754,0.5240326,15.656235,-0.24269104,-0.58958435,-0.11909485,-0.018409383,0.002873109,-0.011254857,0.98772883,-0.035766516,-0.15209417,0.030008992,0.9987582,-0.03998356,0.15333392,0.034928396,0.98756516
1576129994706,0.68196106,0.59103394,15.436096,-0.12722778,-1.0660553,-0.045181274,-0.018263083,0.0029803482,-0.010380409,0.9858346,-0.034257047,-0.1642462,0.028396055,0.9988865,-0.037900485,0.16536008,0.03269936,0.98569936
1576129994723,1.4069824,0.61735535,14.629715,-0.12234497,-1.4460144,-0.0012207031,-0.0180928,0.0030991621,-0.009505612,0.978975,-0.03355111,-0.20125207,0.026846042,0.99900126,-0.03595457,0.20225541,0.029795531,0.9788879
1576129994738,1.1246338,0.31106567,14.282761,-0.16143799,-0.92433167,-0.04762268,-0.017889842,0.0031937656,-0.008833561,0.9752494,-0.032727934,-0.21871784,0.025840875,0.9990868,-0.034275614,0.2196377,0.027775163,0.97519445
1576129994740,1.0480499,0.28474426,14.289932,-0.16755676,-0.76000977,-0.05496216,-0.017856216,0.0032066077,-0.008727884,0.9749312,-0.03255366,-0.22015762,0.025684942,0.99910057,-0.03399052,0.22106394,0.027483437,0.9748804
1576129994755,0.89730835,0.17706299,14.806793,-0.17060852,0.27601624,-0.04273987,-0.017671514,0.0032670172,-0.008098048,0.9746743,-0.03199661,-0.22137389,0.025306588,0.9991438,-0.03299157,0.22223775,0.02655357,0.97463936
1576129994770,1.2921295,0.31585693,15.275787,-0.11868286,0.37986755,-0.014038086,-0.017498473,0.0033165577,-0.007421719,0.97511744,-0.031729523,-0.21945214,0.025262313,0.99917024,-0.032213908,0.22028998,0.02586824,0.97509986
1576129994786,1.8664093,0.48335266,14.833115,-0.04660034,-0.24565125,-0.021362305,-0.01723751,0.0033868013,-0.0065834825,0.9752081,-0.03160081,-0.21906747,0.025209527,0.9991814,-0.031909525,0.2198943,0.025595613,0.9751964
1576129994804,1.6151581,0.32781982,13.866409,-0.042938232,-0.56269836,0.0036773682,-0.016911209,0.0034785133,-0.005799943,0.9742861,-0.03147132,-0.22315048,0.025032332,0.9991949,-0.031625595,0.22396384,0.025226183,0.97427946
1576129994804,1.6151581,0.32781982,13.866409,-0.042938232,-0.56269836,0.0036773682,-0.016911209,0.0034785133,-0.005799943,0.9742861,-0.03147132,-0.22315048,0.025032332,0.9991949,-0.031625595,0.22396384,0.025226183,0.97427946
1576129994823,0.9020996,0.14117432,12.602997,-0.013000488,-0.28536987,0.030548096,-0.016593037,0.0035562706,-0.005095546,0.97352797,-0.03154927,-0.2264243,0.025050856,0.99919796,-0.031516895,0.22723469,0.025010247,0.9735273
1576129994836,0.94755554,0.22732544,12.349365,-0.047210693,-0.053237915,0.053771973,-0.01644276,0.0035910844,-0.004764091,0.97344613,-0.0316294,-0.22676481,0.025135573,0.9991973,-0.031467937,0.22757576,0.024932267,0.9734497
1576129994855,1.1174469,0.45703125,12.191437,-0.050872803,-0.04284668,0.07209778,-0.016210396,0.0036628395,-0.0043200147,0.97343165,-0.031716265,-0.22681507,0.025247866,0.9991977,-0.031363357,0.2276255,0.024803277,0.97344124
1576129994855,1.1174469,0.45703125,12.191437,-0.050872803,-0.04284668,0.07209778,-0.016210396,0.0036628395,-0.0043200147,0.97343165,-0.031716265,-0.22681507,0.025247866,0.9991977,-0.031363357,0.2276255,0.024803277,0.97344124
1576129994874,1.2059784,0.43310547,12.24408,0.02670288,-0.17295837,0.11546326,-0.015990745,0.0037458693,-0.003963626,0.9733503,-0.03196481,-0.22712876,0.025494836,0.9991915,-0.03136323,0.22794528,0.024736589,0.9733681
1576129994893,1.1652985,0.23210144,11.44487,0.09877014,-0.21450806,0.14723206,-0.015724782,0.0038367168,-0.0035913715,0.973108,-0.03264888,-0.22806807,0.026090289,0.99916524,-0.03171372,0.2289107,0.024910295,0.97313714
1576129994908,1.1126556,0.06700134,10.760529,0.10305786,-0.11798096,0.13867188,-0.01552696,0.003885265,-0.0034007612,0.9729509,-0.033256654,-0.2286502,0.026603552,0.9991388,-0.032118943,0.22951907,0.025167024,0.9729873
1576129994908,1.1126556,0.06700134,10.760529,0.10305786,-0.11798096,0.13867188,-0.01552696,0.003885265,-0.0034007612,0.9729509,-0.033256654,-0.2286502,0.026603552,0.9991388,-0.032118943,0.22951907,0.025167024,0.9729873
1576129994923,0.9762726,0.026321411,10.614563,0.052352905,0.04144287,0.10997009,-0.0153377615,0.003913587,-0.003291135,0.97292036,-0.033623792,-0.22872613,0.026928684,0.9991233,-0.032330308,0.2296103,0.025295304,0.9729625
1576129994942,0.8374939,0.68673706,13.122238,-0.055160522,-0.07400513,0.15821838,-0.015144904,0.003956752,-0.003153047,0.9729264,-0.033914022,-0.22865719,0.027225208,0.9991148,-0.032344554,0.22954932,0.025243424,0.97297823
1576129994954,1.6319122,0.026321411,12.763321,-0.26774597,-0.14363098,0.13134766,-0.014964337,0.004018902,-0.0028205053,0.97280514,-0.03428564,-0.22911716,0.027754312,0.99912196,-0.03166906,0.22999938,0.024448635,0.97289234
1576129994971,0.90448,0.098098755,10.466202,-0.1816101,0.07626343,0.026275635,-0.01474374,0.004048793,-0.0025139677,0.97274107,-0.03431299,-0.22938547,0.028017746,0.99914664,-0.030645443,0.2302388,0.023383021,0.97286206
1576129994973,0.78723145,0.098098755,10.200607,-0.09120178,0.18499756,0.021392822,-0.014711167,0.004053118,-0.0024836464,0.9727769,-0.034307152,-0.22923452,0.028043224,0.9991495,-0.030528119,0.23008443,0.023268377,0.9729013
1576129994987,0.78245544,-0.06460571,9.382263,0.14337158,0.3096161,0.07759094,-0.014548945,0.004079008,-0.00242293,0.9730702,-0.03461944,-0.22793852,0.028333943,0.9991333,-0.030790925,0.22880447,0.023503143,0.9731974
1576129995012,1.4237366,-0.1603241,9.284149,0.07800293,0.0023498535,0.0818634,-0.014260411,0.0040748036,-0.0025787866,0.9733208,-0.03539253,-0.22674681,0.028938208,0.9990866,-0.03172687,0.22766015,0.024318581,0.9734459
1576129995021,1.454834,0.009567261,9.547363,0.010192871,-0.07583618,0.06536865,-0.014152362,0.0040707574,-0.0026412786,0.97330993,-0.035447948,-0.22678442,0.02898845,0.9990844,-0.031751122,0.22769985,0.024329359,0.97343636
1576129995038,1.6366882,0.122039795,10.128815,-0.040496826,-0.025741577,0.050704956,-0.013877367,0.004084994,-0.0027378325,0.97328556,-0.035511367,-0.22687925,0.02905933,0.99908346,-0.031716075,0.22779512,0.02427564,0.97341543
1576129995041,1.6438751,0.16989136,10.145569,-0.039886475,0.087249756,0.054992676,-0.013793332,0.004093372,-0.002750967,0.9732922,-0.035538416,-0.22684665,0.029094076,0.9990833,-0.03168981,0.22776243,0.024243353,0.9734239
1576129995058,1.5098724,0.29431152,10.269989,-0.020324707,0.2619629,0.050704956,-0.0135339815,0.004129975,-0.0027692833,0.9734426,-0.03568184,-0.22617754,0.029285464,0.9990814,-0.031573724,0.2270939,0.024111297,0.9735834
1576129995073,1.2514496,0.06700134,10.470993,0.044403076,0.20637512,0.054992676,-0.013289074,0.004172377,-0.0027590175,0.9736436,-0.03587548,-0.22528018,0.02950135,0.99907416,-0.031597953,0.22620277,0.024118872,0.97379076
1576129995089,1.3160553,0.0382843,10.320251,0.084732056,0.001739502,0.05621338,-0.013031881,0.004203013,-0.0027240429,0.973692,-0.036029633,-0.22504628,0.029631592,0.9990657,-0.031743914,0.2259773,0.024240112,0.9738401
1576129995092,1.3351898,0.023925781,10.298706,0.084121704,-0.07583618,0.047042847,-0.012995731,0.0042064753,-0.0027197117,0.9736836,-0.036067616,-0.22507635,0.029658452,0.9990633,-0.031792793,0.22600977,0.024280503,0.97383153
1576129995106,1.4979095,0.100494385,10.124039,0.0670166,-0.20350647,0.012832642,-0.012771651,0.004226646,-0.0027039791,0.9735961,-0.03616115,-0.22543971,0.029703595,0.99905634,-0.031971477,0.22638063,0.024430728,0.9737417
1576129995124,1.5673065,0.08375549,10.097717,0.038909912,-0.13569641,-0.03236389,-0.012488819,0.0042549353,-0.0027125904,0.9734505,-0.03615915,-0.22606823,0.029640554,0.99905205,-0.03216365,0.22701448,0.024608722,0.97358966
1576129995141,1.3878326,0.22970581,10.631317,0.040130615,0.007843018,-0.04762268,-0.0122039085,0.0042891023,-0.0027132651,0.9734366,-0.036112875,-0.22613579,0.02957929,0.9990522,-0.032215178,0.22708239,0.024670286,0.97357225
1576129995141,1.3878326,0.22970581,10.631317,0.040130615,0.007843018,-0.04762268,-0.0122039085,0.0042891023,-0.0027132651,0.9734366,-0.036112875,-0.22613579,0.02957929,0.9990522,-0.032215178,0.22708239,0.024670286,0.97357225
1576129995155,1.6678009,0.24406433,11.60759,0.076171875,-0.12471008,-0.033584595,-0.01196351,0.004331067,-0.002644201,0.9734211,-0.036082495,-0.22620736,0.029526956,0.9990511,-0.03229787,0.22715561,0.024760002,0.9735529
1576129995174,1.7946167,0.2033844,12.385254,0.17819214,-0.6372223,-0.030517578,-0.011651225,0.0043847454,-0.0024149888,0.9726709,-0.036116123,-0.22940621,0.029206939,0.9990228,-0.033442903,0.23038733,0.025828473,0.97276545
1576129995191,1.9740753,0.114852905,13.222733,0.2472229,-1.1082153,-0.03236389,-0.011313706,0.0044340855,-0.002047108,0.96898943,-0.036495812,-0.24443354,0.02813396,0.9989053,-0.03761458,0.24553603,0.029571004,0.9689456
1576129995207,2.1056824,0.18424988,14.289932,0.22094727,-1.3220062,-0.06411743,-0.010948851,0.004473239,-0.0015299586,0.96074724,-0.037009574,-0.2749826,0.025669878,0.9986787,-0.044724,0.2762715,0.035909373,0.9604179
1576129995210,2.1056824,0.21057129,14.481369,0.20567322,-1.328125,-0.07206726,-0.010894839,0.0044790404,-0.001442242,0.9595318,-0.036968976,-0.27919975,0.02523106,0.99865395,-0.045519803,0.2805037,0.03663287,0.959163
1576129995226,2.1942139,0.19381714,15.4743805,0.09083557,-1.2957458,-0.13497925,-0.0105631035,0.0045191227,-0.0008317163,0.95335203,-0.03596077,-0.2997455,0.02246979,0.9985875,-0.048335243,0.301057,0.03934493,0.9528036
1576129995239,2.5052795,0.21057129,16.496124,-0.0814209,-1.1699066,-0.2345581,-0.010213414,0.0045617293,-0.00007871725,0.9463791,-0.032549094,-0.32144663,0.017823769,0.99866617,-0.04864741,0.32259774,0.040309124,0.94568706
1576129995255,2.6536407,0.20578003,17.084763,-0.26712036,-0.8210907,-0.37078857,-0.009829483,0.0046046837,0.0008109658,0.9404437,-0.02608424,-0.33897805,0.0112800235,0.9989067,-0.045570504,0.33979234,0.039032444,0.9396999
1576129995272,2.2707825,0.062210083,17.28096,-0.4430542,-0.26641846,-0.49661255,-0.009364124,0.004651523,0.0019639242,0.93846446,-0.019732272,-0.34484234,0.005818518,0.99913764,-0.041336823,0.34535685,0.03678631,0.93776
1576129995275,2.2372894,0.03111267,17.283356,-0.49131775,-0.056900024,-0.53326416,-0.009300464,0.0046567665,0.0021338451,0.9383654,-0.017388456,-0.34523743,0.003935059,0.99921584,-0.039631262,0.34565207,0.035829734,0.9376882
1576129995289,1.8424683,0.06939697,17.302505,-0.59394836,0.5851135,-0.60595703,-0.008943772,0.004681016,0.003165443,0.9399856,-0.0077189486,-0.34115764,-0.0035196918,0.99948096,-0.03231145,0.34122625,0.031572767,0.9394605
1576129995311,1.3280182,-0.086135864,17.15654,-0.5194092,1.1336823,-0.5998535,-0.00855473,0.004708978,0.004559637,0.94789255,0.011559212,-0.31841356,-0.01829984,0.99967664,-0.018186104,0.31809682,0.02306518,0.9477872
1576129995311,1.2969055,-0.15074158,17.077576,-0.5194092,1.1336823,-0.5998535,-0.008512999,0.004710876,0.004732698,0.94789255,0.011559212,-0.31841356,-0.01829984,0.99967664,-0.018186104,0.31809682,0.02306518,0.9477872
1576129995325,1.0887299,0.01675415,16.625336,-0.39419556,1.1727753,-0.5693054,-0.00832191,0.00471386,0.0055796215,0.9539097,0.02341524,-0.29921407,-0.027985243,0.9995573,-0.010996839,0.29882076,0.018863404,0.9541324
1576129995341,1.208374,0.6508484,15.328415,-0.1632843,1.0909271,-0.42515564,-0.008091946,0.004756454,0.0066668293,0.9614734,0.03730558,-0.27239367,-0.040280543,0.99918365,-0.0053357813,0.27196914,0.016102234,0.96218085
1576129995355,1.5649109,0.5312042,14.005188,-0.0826416,1.2509613,-0.30541992,-0.007882723,0.0048431447,0.0074364548,0.96594274,0.042860117,-0.25522318,-0.045497138,0.99896413,-0.0044344845,0.25476584,0.01589524,0.96688163
1576129995373,1.5218353,0.48812866,13.062424,-0.036209106,1.670639,-0.15452576,-0.0075979647,0.0049462686,0.008120358,0.9762852,0.04952283,-0.21079859,-0.051784832,0.9986543,-0.005220434,0.21025392,0.016012654,0.97752523
1576129995373,1.5218353,0.48812866,13.062424,-0.036209106,1.670639,-0.15452576,-0.0075979647,0.0049462686,0.008120358,0.9762852,0.04952283,-0.21079859,-0.051784832,0.9986543,-0.005220434,0.21025392,0.016012654,0.97752523
1576129995388,1.4356995,0.624527,12.378067,-0.031326294,1.7219543,-0.04273987,-0.007350916,0.005036048,0.008568858,0.98322564,0.051493462,-0.1750343,-0.053443447,0.9985599,-0.0064418446,0.17444843,0.015688078,0.98455083
1576129995409,1.935791,0.66041565,11.310867,-0.006286621,1.6987305,0.18144226,-0.0070113554,0.005175899,0.008994902,0.99269927,0.04844543,-0.11055446,-0.049745362,0.9987309,-0.0090283705,0.10997538,0.014461897,0.9938384
1576129995422,2.0650024,0.49771118,10.559525,0.014480591,1.7011719,0.28407288,-0.0067104935,0.0052807988,0.00917941,0.9968446,0.04218923,-0.06739474,-0.043039657,0.99902016,-0.011215195,0.06685461,0.014080325,0.99767274
1576129995441,1.7730865,0.34695435,9.92543,0.055404663,1.7225647,0.37446594,-0.006342287,0.005383381,0.0092607755,0.9993774,0.0319525,-0.015649645,-0.032174803,0.9993916,-0.014160154,0.015187299,0.0146547295,0.9997867
1576129995444,1.7252197,0.32781982,9.839294,0.063949585,1.7262268,0.38668823,-0.0062919473,0.005396057,0.009262519,0.99951977,0.030258052,-0.00810896,-0.030374827,0.9994405,-0.014676054,0.007660063,0.01491518,0.99986875
1576129995457,1.4428711,0.22732544,9.382263,0.12870789,1.7622681,0.44654846,-0.0060126022,0.0054604895,0.0092279175,0.9990904,0.019026525,0.038437497,-0.018324532,0.9996698,-0.018536424,-0.038777277,0.017815053,0.9990984
1576129995475,1.4763641,0.13160706,8.4227295,0.21911621,1.7940369,0.5009155,-0.0057179364,0.005517856,0.009083407,0.9954388,0.004066397,0.09542686,-0.0016897011,0.99969614,-0.024974996,-0.0954986,0.0246996,0.9951324
1576129995489,1.3040924,-0.098098755,7.800598,0.24295044,1.8068542,0.51008606,-0.005514776,0.0055438015,0.008889419,0.9916452,-0.004859773,0.1289864,0.008710556,0.99954194,-0.029308148,-0.1287837,0.030186534,0.99122244
1576129995491,1.2562256,-0.114852905,7.7455597,0.23744202,1.8019714,0.51008606,-0.005475985,0.0055465936,0.008841628,0.98929673,-0.009279142,0.14569594,0.013991164,0.99942,-0.031351406,-0.14531913,0.03305397,0.98884183
1576129995506,0.9571228,0.01675415,7.0995026,0.17758179,1.6529236,0.48443604,-0.0052334922,0.0055559045,0.008436401,0.9795912,-0.023620533,0.19966155,0.03153619,0.9988434,-0.03655927,-0.19856505,0.04210927,0.9791921
1576129995525,0.5862427,0.21057129,6.891327,0.13848877,1.3621521,0.44473267,-0.0050379373,0.005578866,0.007927346,0.9703278,-0.034926295,0.23930323,0.04558317,0.998203,-0.0391436,-0.23750363,0.0488898,0.9701651
1576129995541,0.44267273,0.033493042,6.5778656,0.14949036,1.2271423,0.42640686,-0.0048936973,0.005617518,0.007363434,0.9636083,-0.042609405,0.26394135,0.05526711,0.9976507,-0.040716097,-0.2615837,0.05382108,0.96368855
1576129995557,0.29910278,-0.06939697,6.4414825,0.17758179,1.1856079,0.41784668,-0.0047990903,0.005637693,0.0068415063,0.95686746,-0.049489465,0.28631687,0.06428612,0.99703544,-0.042507675,-0.28336143,0.059079774,0.9572013
1576129995561,0.20100403,-0.095718384,6.4414825,0.18673706,1.1074066,0.41477966,-0.004772539,0.0056411796,0.006660702,0.95365334,-0.05262934,0.29630625,0.06851886,0.99671096,-0.043492544,-0.29303968,0.061778713,0.9541119
1576129995576,-0.088531494,-0.086135864,6.6472626,0.23500061,0.83251953,0.41233826,-0.0047156345,0.005644899,0.006122847,0.948692,-0.057814278,0.31090623,0.075672425,0.99609554,-0.04567746,-0.3070483,0.06686015,0.949352
1576129995592,-0.105285645,-0.0382843,6.111267,0.30891418,0.655365,0.40379333,-0.004690488,0.00564794,0.0055836616,0.9460217,-0.0610354,0.3183385,0.08040902,0.995612,-0.048065893,-0.31400466,0.07106789,0.9467675
1576129995607,-0.3637085,-0.04067993,5.21875,0.2930298,0.7146301,0.34454346,-0.0046794754,0.00565568,0.0049748584,0.9430921,-0.06410086,0.32632792,0.08536511,0.99504036,-0.05125005,-0.32142097,0.07618972,0.94387585
1576129995610,-0.46180725,-0.062210083,5.1469574,0.26921082,0.7421112,0.3304901,-0.0046804277,0.0056571444,0.0048633693,0.9425267,-0.06457958,0.32786345,0.08615116,0.99495,-0.05168742,-0.32286647,0.07696177,0.9433197
1576129995626,-1.1294098,-0.088531494,5.4843445,0.048690796,0.941864,0.2278595,-0.0047372854,0.005658475,0.004036885,0.9376301,-0.06787397,0.34097576,0.09116936,0.99444693,-0.05274911,-0.33549848,0.08054479,0.93860066
1576129995642,-1.2610168,0.009567261,6.262024,-0.080200195,0.86795044,0.19120789,-0.0048607816,0.005660421,0.0033614812,0.93203676,-0.071192846,0.3553315,0.09526149,0.9941707,-0.050683577,-0.3496482,0.08108747,0.93337506
1576129995659,-1.0456696,0.06939697,6.695114,-0.07470703,0.63093567,0.19242859,-0.0050275065,0.0056797755,0.002670554,0.92885816,-0.07354419,0.36309132,0.097831495,0.99400884,-0.04893569,-0.35731325,0.08097517,0.9304776
1576129995673,-1.2681885,-0.057434082,6.611374,-0.020950317,0.3597107,0.18754578,-0.005163832,0.0056991903,0.0021345648,0.9274031,-0.07502511,0.36649168,0.099458255,0.9938825,-0.04821902,-0.36062816,0.081168175,0.92918086
1576129995676,-1.3447723,-0.12921143,6.4941254,-0.010559082,0.3132782,0.18327332,-0.005188077,0.0057011815,0.0020465476,0.92728764,-0.075181134,0.3667517,0.099635296,0.9938666,-0.04818161,-0.36087605,0.08121871,0.9290802
1576129995694,-1.6582336,-0.27757263,5.3862457,0.052352905,0.12208557,0.13439941,-0.0053900834,0.0056970245,0.0013844279,0.92691374,-0.075862214,0.36755607,0.100457914,0.9937817,-0.04822512,-0.36160815,0.08162352,0.9287601
1576129995709,-1.9262238,-0.33499146,4.9172516,-0.01361084,0.30288696,0.039108276,-0.005603169,0.0056740353,0.0006981715,0.92661124,-0.07608803,0.36827162,0.10076342,0.99375117,-0.04821446,-0.36229795,0.081783436,0.9284772
1576129995723,-2.1894379,-0.27757263,5.5920258,-0.091796875,0.46844482,-0.037246704,-0.005855667,0.005641597,-0.000035516226,0.9258287,-0.07615345,0.37022093,0.10080236,0.99377376,-0.04766481,-0.36428216,0.081447676,0.92773
1576129995723,-2.1894379,-0.27757263,5.5920258,-0.091796875,0.46844482,-0.037246704,-0.005855667,0.005641597,-0.000035516226,0.9258287,-0.07615345,0.37022093,0.10080236,0.99377376,-0.04766481,-0.36428216,0.081447676,0.92773
1576129995742,-2.354538,0.01675415,6.604187,-0.111343384,0.44400024,-0.122161865,-0.0062442124,0.005610365,-0.00091919996,0.92405844,-0.07577431,0.37469405,0.100175835,0.99391335,-0.046051763,-0.36891985,0.080088906,0.9260141
1576129995758,-2.5507507,0.098098755,7.0947266,-0.055770874,0.1330719,-0.18141174,-0.006562741,0.00562009,-0.001466402,0.9235506,-0.07522953,0.37605357,0.09947857,0.99401075,-0.04545792,-0.37037748,0.07939106,0.92549217
1576129995774,-2.8450623,0.0382843,6.764511,0.044403076,-0.1454773,-0.23760986,-0.0069724466,0.0056443983,-0.002039501,0.92370415,-0.074397825,0.37584177,0.098591685,0.9940961,-0.045527227,-0.3702316,0.07910767,0.9255748
1576129995791,-2.7397766,0.33021545,6.817154,0.049301147,-0.16868591,-0.25227356,-0.007418136,0.0056752726,-0.00262187,0.92415935,-0.07306104,0.37498462,0.09722807,0.9942127,-0.04591142,-0.36945608,0.078887604,0.92590344
1576129995794,-2.6990967,0.36849976,6.826721,0.04257202,-0.15097046,-0.24861145,-0.007481914,0.0056825527,-0.0027048937,0.92421365,-0.07288249,0.3748855,0.097043425,0.99422884,-0.045952834,-0.36936876,0.07884952,0.9259415
1576129995809,-2.3353882,0.38763428,7.039688,-0.03010559,-0.01473999,-0.24617004,-0.007846864,0.0057384917,-0.0031970728,0.9244008,-0.071980424,0.37459865,0.09606674,0.99432135,-0.046002727,-0.36915615,0.07851054,0.92605513
1576129995825,-2.4789581,0.42591858,7.795822,-0.11012268,0.15322876,-0.24554443,-0.008181322,0.0058058673,-0.0036511736,0.9243301,-0.07117821,0.3749265,0.09508201,0.9944335,-0.04562281,-0.36958814,0.077818416,0.9259413
1576129995841,-2.9694977,0.35414124,8.410767,-0.088134766,0.12574768,-0.22233582,-0.008592912,0.005888183,-0.0040721097,0.9240916,-0.07022434,0.37569416,0.093873434,0.99457717,-0.04499443,-0.37049308,0.07684578,0.92566097
1576129995841,-2.9694977,0.35414124,8.410767,-0.088134766,0.12574768,-0.22233582,-0.008592912,0.005888183,-0.0040721097,0.9240916,-0.07022434,0.37569416,0.093873434,0.99457717,-0.04499443,-0.37049308,0.07684578,0.92566097
1576129995859,-3.048462,0.37806702,8.889343,-0.083862305,-0.1980133,-0.15270996,-0.009057694,0.0059681917,-0.0043897955,0.92424077,-0.0695998,0.37544322,0.093038745,0.9946714,-0.044644035,-0.37033135,0.07619172,0.9257798
1576129995874,-3.0341034,0.39720154,9.044876,-0.07531738,-0.35377502,-0.11054993,-0.009474181,0.006037278,-0.0045982255,0.9248573,-0.06916313,0.374003,0.09234009,0.99474794,-0.044388834,-0.3689646,0.07558795,0.9263749
1576129995892,-2.8618164,0.49771118,9.049652,-0.055160522,-0.3794403,-0.06289673,-0.009960853,0.006124441,-0.004808149,0.9258492,-0.06879502,0.3716091,0.091655836,0.9948201,-0.04418846,-0.3666403,0.07497114,0.9273474
1576129995908,-2.7900238,0.44267273,9.195618,-0.049041748,-0.35194397,-0.012207031,-0.010428094,0.0062192697,-0.005004178,0.9267304,-0.0687294,0.36941808,0.09135519,0.9948523,-0.044085756,-0.3644825,0.074603036,0.92822725
1576129995911,-2.7876434,0.43070984,9.236298,-0.0496521,-0.34950256,-0.006713867,-0.010493212,0.0062326123,-0.0050303508,0.92684346,-0.06873997,0.3691324,0.09133591,0.99485475,-0.044070505,-0.36419976,0.07456067,0.9283416
1576129995926,-2.8163452,0.25125122,9.475586,-0.055160522,-0.33422852,-0.0048828125,-0.010880634,0.006306334,-0.0051726415,0.92738175,-0.06880988,0.36776462,0.09125566,0.9948664,-0.04397451,-0.36284688,0.07434096,0.9288887
1576129995944,-3.1896362,0.22970581,9.501892,0.0053100586,-0.28659058,-0.056793213,-0.011344003,0.0063726283,-0.005306251,0.9281041,-0.06868303,0.3659616,0.090969175,0.9948921,-0.043984815,-0.36106747,0.07411294,0.9296001
1576129995956,-3.3092804,0.3014984,9.686142,0.032806396,-0.26641846,-0.073287964,-0.011704333,0.006415326,-0.00539081,0.9283978,-0.06848136,0.36525404,0.09074377,0.9949069,-0.044116776,-0.36036876,0.074101664,0.92987216
1576129995974,-2.9144592,0.37806702,9.92543,0.06762695,-0.25787354,-0.03236389,-0.012226397,0.006482937,-0.0054775826,0.92885786,-0.06814538,0.36414593,0.09043173,0.99491894,-0.044485345,-0.3592604,0.0742501,0.9302892
1576129995977,-2.8091736,0.3517456,9.913467,0.06945801,-0.25665283,-0.021362305,-0.012297858,0.0064935056,-0.005486683,0.92898375,-0.068083234,0.3638362,0.09038566,0.9949177,-0.044607066,-0.35894626,0.074324004,0.93040454
1576129995992,-2.3808594,0.29670715,10.057037,0.021194458,-0.20960999,-0.008544922,-0.012751981,0.006566197,-0.0055401465,0.92933947,-0.06797332,0.36294734,0.09030575,0.99491173,-0.044902682,-0.3580445,0.07450524,0.9307376
1576129996008,-2.3856506,0.3134613,10.411179,-0.04537964,-0.1613617,-0.015258789,-0.013092976,0.0066265133,-0.0055588083,0.9295167,-0.067964785,0.36249486,0.09025286,0.99491704,-0.044889703,-0.3575975,0.0744411,0.93091464
1576129996025,-2.4669952,0.22253418,10.62413,-0.060653687,-0.14974976,-0.022583008,-0.01347491,0.006690442,-0.0055276346,0.9296576,-0.067975484,0.36213112,0.09019275,0.99492717,-0.044784322,-0.357246,0.07429488,0.9310613
1576129996028,-2.4885406,0.22970581,10.604996,-0.06248474,-0.1479187,-0.026260376,-0.0135300085,0.0066987467,-0.005519676,0.9296798,-0.06797476,0.3620741,0.09017958,0.99492925,-0.044764683,-0.35719138,0.07426771,0.93108445
1576129996042,-2.4335022,0.18664551,10.516449,-0.07102966,-0.15341187,-0.032958984,-0.013864715,0.0067462684,-0.0054680975,0.9298378,-0.067955144,0.36167186,0.0900676,0.99494594,-0.04461678,-0.3568082,0.074060485,0.9312479
1576129996057,-2.141571,0.24885559,10.284348,-0.07775879,-0.18823242,-0.02748108,-0.014190399,0.0067907423,-0.005424312,0.93002415,-0.06795559,0.36119276,0.08996134,0.9949633,-0.044444278,-0.35634953,0.07382682,0.93144214
1576129996074,-2.0027924,0.29670715,10.023529,-0.061264038,-0.24259949,-0.012817383,-0.014534104,0.0068486053,-0.005408272,0.93034,-0.067980595,0.360374,0.089841396,0.9949832,-0.04424164,-0.35555476,0.07353544,0.93176895
1576129996074,-2.0027924,0.29670715,10.023529,-0.061264038,-0.24259949,-0.012817383,-0.014534104,0.0068486053,-0.005408272,0.93034,-0.067980595,0.360374,0.089841396,0.9949832,-0.04424164,-0.35555476,0.07353544,0.93176895
1576129996092,-2.033905,0.275177,9.619141,-0.0154418945,-0.22122192,0.0061187744,-0.01485297,0.006913126,-0.005439681,0.9307237,-0.06803026,0.3593724,0.089787014,0.9949908,-0.04418108,-0.35456285,0.07338654,0.9321586
1576129996108,-2.165512,0.122039795,9.298508,0.027297974,-0.105163574,0.0061187744,-0.0151765775,0.0069736135,-0.0055313953,0.9308569,-0.0680374,0.35902587,0.08978492,0.99498874,-0.044232205,-0.3542135,0.07340815,0.9322897
1576129996124,-2.096115,0.110076904,8.834305,0.040740967,0.010894775,-0.021362305,-0.015463829,0.0070100473,-0.005661426,0.9308763,-0.06801554,0.35897958,0.08977772,0.9949871,-0.044284984,-0.35416418,0.07345139,0.9323051
1576129996140,-1.861618,0.26081848,8.659622,0.010818481,0.050613403,-0.05923462,-0.015743747,0.007045387,-0.005846244,0.93086296,-0.06796407,0.359024,0.08973313,0.9949904,-0.044302583,-0.3542106,0.07345515,0.9322871
1576129996140,-1.861618,0.26081848,8.659622,0.010818481,0.050613403,-0.05923462,-0.015743747,0.007045387,-0.005846244,0.93086296,-0.06796407,0.359024,0.08973313,0.9949904,-0.044302583,-0.3542106,0.07345515,0.9322871
1576129996159,-1.3686981,0.46180725,8.0733795,-0.014221191,-0.07827759,-0.0848999,-0.016062774,0.0071166093,-0.006153697,0.930884,-0.06784728,0.35899156,0.0896068,0.9950017,-0.044305842,-0.3541874,0.07341085,0.93229944
1576129996174,-1.3040924,0.39242554,7.7024994,-0.044769287,-0.16441345,-0.09954834,-0.016252177,0.00719031,-0.00645178,0.9309977,-0.06768681,0.3587267,0.08939551,0.99502265,-0.044259723,-0.3539417,0.07327341,0.9324035
1576129996191,-1.2346954,0.32063293,7.1569366,-0.05882263,-0.23588562,-0.12887573,-0.016422348,0.0072610774,-0.0068142465,0.9312961,-0.06736821,0.35801166,0.088947244,0.9950685,-0.04413338,-0.35326922,0.07294455,0.9326843
1576129996208,-1.0791626,0.18185425,6.604187,-0.031326294,-0.34950256,-0.19302368,-0.016604125,0.0073293922,-0.0073235943,0.93201077,-0.066551626,0.35630065,0.08788446,0.99516857,-0.044005506,-0.3516468,0.07232607,0.9333453
1576129996210,-1.0671997,0.1651001,6.4654083,-0.022781372,-0.36050415,-0.2027893,-0.016628264,0.007337536,-0.0074041206,0.9321561,-0.06636638,0.355955,0.087661564,0.9951878,-0.044014692,-0.35131726,0.07223131,0.93347675
1576129996223,-1.0839539,-0.007171631,5.67099,0.09022522,-0.38371277,-0.25837708,-0.016766502,0.0073741176,-0.007943686,0.93334097,-0.06453813,0.35317507,0.08567942,0.995337,-0.044541463,-0.3486498,0.07183138,0.93450695
1576129996239,-1.0480499,0.0765686,4.587036,0.25759888,-0.3269043,-0.2675476,-0.016901957,0.007395613,-0.008598818,0.9343668,-0.06228001,0.35086003,0.0836559,0.9954388,-0.046084993,-0.34638572,0.07241094,0.93530375
1576129996261,-0.9140625,0.055038452,4.0390778,0.40542603,-0.27986145,-0.32496643,-0.017092422,0.0074327756,-0.009816853,0.9357672,-0.057489578,0.34793377,0.07999802,0.99551713,-0.050663874,-0.3434576,0.07524266,0.9361598
1576129996261,-0.9140625,0.055038452,4.0390778,0.40542603,-0.27986145,-0.32496643,-0.017092422,0.0074327756,-0.009816853,0.9357672,-0.057489578,0.34793377,0.07999802,0.99551713,-0.050663874,-0.3434576,0.07524266,0.9361598
1576129996277,-1.1988068,0.107681274,4.273575,0.37672424,-0.36904907,-0.34207153,-0.017233351,0.0074592363,-0.010850718,0.9369681,-0.05329686,0.3453601,0.07673107,0.99556994,-0.054533914,-0.34091976,0.077595405,0.93689495
1576129996295,-1.1198425,0.44506836,5.0345,0.2484436,-0.6494446,-0.25471497,-0.01740021,0.0075036758,-0.011844678,0.93957174,-0.04817269,0.33898035,0.072381936,0.9956329,-0.059135355,-0.3346476,0.08009693,0.93894356
1576129996307,-0.74417114,0.20578003,4.902893,0.17391968,-0.70503235,-0.22782898,-0.017509399,0.007555534,-0.012501513,0.94142956,-0.046001863,0.33409184,0.070308276,0.99566734,-0.061024427,-0.32983354,0.08093858,0.94057333
1576129996325,-1.1246338,-0.050247192,4.5511475,0.043792725,-0.3794403,-0.22721863,-0.017634189,0.007600195,-0.0134260785,0.9435471,-0.04334163,0.32842565,0.06753343,0.9957609,-0.06261112,-0.3243162,0.081255205,0.94246274
1576129996328,-1.1820526,-0.06460571,4.5559387,-0.0056762695,-0.2450409,-0.21928406,-0.017654054,0.007603333,-0.013561076,0.9437273,-0.0429652,0.32795718,0.06711007,0.99578655,-0.062658966,-0.32387966,0.08114116,0.94262266
1576129996345,-1.6821594,-0.18424988,5.7595215,-0.1608429,-0.015365601,-0.15940857,-0.017833622,0.00761141,-0.014487406,0.94385374,-0.042447213,0.32766092,0.06642899,0.995852,-0.06234531,-0.32365185,0.08061,0.9427465
1576129996360,-1.701294,-0.29910278,7.3052826,-0.21826172,-0.31163025,-0.061065674,-0.01803811,0.007595224,-0.015143418,0.94412655,-0.042342693,0.3268874,0.06590926,0.99594814,-0.061353218,-0.3229615,0.07946909,0.9430802
1576129996376,-1.0528412,-0.028717041,8.207382,-0.12173462,-0.8797302,0.012832642,-0.01827847,0.0075719813,-0.015673252,0.9466627,-0.042782646,0.31940967,0.06526241,0.9960727,-0.060007244,-0.3155846,0.07765105,0.9457252
1576129996380,-0.95474243,0.0023956299,8.224136,-0.107681274,-0.94692993,0.02017212,-0.018307025,0.0075710025,-0.015733344,0.947371,-0.042908434,0.31728572,0.06517598,0.9960848,-0.059900027,-0.3134699,0.07742594,0.9464466
1576129996394,-0.39720154,0.1268158,8.202591,-0.09486389,-1.2120514,0.06965637,-0.018431053,0.0075783236,-0.016060175,0.9531523,-0.04414728,0.2992905,0.0648534,0.99612373,-0.059604373,-0.2954958,0.07622106,0.9523086
1576129996412,0.1986084,0.22492981,8.616562,-0.17671204,-1.3189545,0.16433716,-0.018476862,0.007611732,-0.01640276,0.9600995,-0.04712993,0.27570057,0.06572575,0.9961261,-0.058599547,-0.27186787,0.07438105,0.9594657
1576129996425,0.19381714,0.057434082,9.978073,-0.26223755,-1.5688019,0.25535583,-0.018446596,0.007650667,-0.016615558,0.96930933,-0.0542032,0.2398427,0.06929522,0.9960926,-0.05494062,-0.23592523,0.069873504,0.96926564
1576129996428,0.22492981,0,10.064209,-0.26223755,-1.5688019,0.25535583,-0.018438911,0.007656002,-0.016636437,0.96930933,-0.0542032,0.2398427,0.06929522,0.9960926,-0.05494062,-0.23592523,0.069873504,0.96926564
1576129996444,0.2416687,-0.39242554,10.097717,-0.17671204,-1.8278046,0.27734375,-0.018381553,0.0076648663,-0.016707087,0.98032355,-0.06400319,0.18679456,0.07495432,0.99583226,-0.052159272,-0.18267599,0.065133184,0.9810229
1576129996461,-0.18424988,-0.14117432,10.894516,-0.14677429,-1.806427,0.2559662,-0.01833076,0.0076345773,-0.016716026,0.98798335,-0.07172874,0.13699077,0.07945208,0.99550414,-0.05176349,-0.13266084,0.062024876,0.98922837
1576129996479,0.21534729,0.1603241,12.117249,-0.091796875,-1.7245789,0.3598175,-0.018310275,0.007629988,-0.016591765,0.9937445,-0.083003335,0.07486429,0.08706064,0.99482024,-0.052664585,-0.07010483,0.058852147,0.99581146
1576129996492,0.4283142,0.23928833,12.892532,-0.04171753,-1.7099152,0.45144653,-0.018257147,0.007658475,-0.016335772,0.9951448,-0.093793884,0.030199574,0.095353805,0.99392176,-0.055202972,-0.024838524,0.057813875,0.9980277
1576129996492,0.4283142,0.23928833,12.892532,-0.04171753,-1.7099152,0.45144653,-0.018257147,0.007658475,-0.016335772,0.9951448,-0.093793884,0.030199574,0.095353805,0.99392176,-0.055202972,-0.024838524,0.057813875,0.9980277
1576129996511,1.138977,-0.009567261,13.265808,-0.056381226,-1.5315399,0.508255,-0.018144062,0.0077002374,-0.015903255,0.9939187,-0.10865477,-0.018483492,0.10740492,0.99248624,-0.058783244,0.024730893,0.056439858,0.9981092
1576129996528,1.4715881,-0.26081848,14.187042,-0.06919861,-1.052002,0.37812805,-0.017934656,0.007706015,-0.015370157,0.9917747,-0.118734464,-0.048034932,0.115770824,0.99144876,-0.060383894,0.054792695,0.054325506,0.9970282
1576129996545,1.8831482,0.30389404,15.620346,-0.019729614,-0.75205994,0.30543518,-0.01765932,0.007705127,-0.014675171,0.99038917,-0.123931095,-0.06158679,0.12017643,0.9908658,-0.061338775,0.06862473,0.053347327,0.99622464
1576129996545,1.8831482,0.30389404,15.620346,-0.019729614,-0.75205994,0.30543518,-0.01765932,0.007705127,-0.014675171,0.99038917,-0.123931095,-0.06158679,0.12017643,0.9908658,-0.061338775,0.06862473,0.053347327,0.99622464
1576129996562,3.0747833,0.5742798,16.876572,0.0041046143,-0.78749084,0.18266296,-0.017283738,0.0077621625,-0.013752471,0.9892666,-0.12725985,-0.07196263,0.12286397,0.9904609,-0.062542215,0.079233855,0.053028695,0.995454
1576129996577,3.139389,0.6963043,17.228333,0.019973755,-0.72579956,0.04032898,-0.0168429,0.007850709,-0.012810692,0.98843485,-0.12842265,-0.08078391,0.12345084,0.9903071,-0.06380892,0.08819386,0.05309752,0.9946965
1576129996592,2.3066864,0.35414124,17.257034,0.029144287,-0.49856567,-0.040908813,-0.016390573,0.0079548,-0.011797962,0.9879986,-0.12833722,-0.086081065,0.12300227,0.9903069,-0.064672925,0.093545035,0.053308006,0.9941962
1576129996609,1.7946167,-0.062210083,16.45784,0.071899414,-0.28596497,-0.04335022,-0.015955783,0.008022413,-0.010620202,0.9878491,-0.12811132,-0.08810917,0.122612715,0.9903182,-0.065237515,0.095612176,0.053640924,0.9939816
1576129996612,1.7898254,-0.0023956299,16.39801,0.068847656,-0.26153564,-0.04335022,-0.01590152,0.008026623,-0.010459364,0.98783726,-0.12808645,-0.08827812,0.122572094,0.9903187,-0.06530539,0.09578661,0.053690065,0.99396217
1576129996627,1.8544312,0.5120697,16.11087,0.008972168,-0.23344421,-0.036026,-0.015595093,0.008062774,-0.009525327,0.9877832,-0.12796137,-0.08906157,0.12238307,0.99032766,-0.065523885,0.09658305,0.053823147,0.9938779
1576129996645,1.8807526,0.653244,15.086746,-0.016662598,-0.36294556,-0.0073242188,-0.015244598,0.008154296,-0.008520467,0.9876518,-0.12784696,-0.09066777,0.12216609,0.99034417,-0.06567786,0.09818741,0.05378973,0.99372256
1576129996659,2.0123596,0.68434143,14.021942,-0.047210693,-0.39593506,0.0488739,-0.014938249,0.008257974,-0.00778766,0.9873742,-0.1279928,-0.09344625,0.12215088,0.99033886,-0.06578736,0.10096213,0.0535416,0.993458
1576129996681,1.6749725,0.38523865,12.859024,-0.09301758,-0.09477234,0.078811646,-0.014465281,0.008413101,-0.006953326,0.98715097,-0.12838292,-0.09525266,0.12246896,0.99031514,-0.06555405,0.10274452,0.053045675,0.9933019
1576129996681,1.6749725,0.38523865,12.859024,-0.09301758,-0.09477234,0.078811646,-0.014465281,0.008413101,-0.006953326,0.98715097,-0.12838292,-0.09525266,0.12246896,0.99031514,-0.06555405,0.10274452,0.053045675,0.9933019
1576129996697,1.1533356,0.2368927,12.220139,-0.075927734,0.11291504,0.08735657,-0.01419318,0.008487595,-0.0065389345,0.98713964,-0.128504,-0.09520716,0.12260835,0.99030775,-0.06540416,0.102687456,0.052889258,0.9933162
1576129996709,1.0480499,0.1986084,11.612366,-0.040496826,0.24119568,0.12890625,-0.014012711,0.008533946,-0.006271275,0.98715746,-0.12888293,-0.09450915,0.12305383,0.99027044,-0.06513122,0.1019823,0.052664466,0.9934008
1576129996726,1.1222382,0.06460571,11.172089,-0.010559082,0.25402832,0.14845276,-0.013790543,0.00858393,-0.0060070907,0.987185,-0.12958206,-0.09325881,0.1238501,0.9901897,-0.0648509,0.10074583,0.052469127,0.99353737
1576129996728,1.1437683,0.050247192,11.097916,-0.010559082,0.25402832,0.14845276,-0.013759101,0.008589317,-0.0059773377,0.987185,-0.12958206,-0.09325881,0.1238501,0.9901897,-0.0648509,0.10074583,0.052469127,0.99353737
1576129996745,1.2227325,-0.057434082,10.913666,-0.043548584,0.24241638,0.13623047,-0.0135296695,0.008615767,-0.005802311,0.9872023,-0.1302683,-0.09211325,0.124620296,0.9901069,-0.06463948,0.099620864,0.052332453,0.9936581
1576129996761,1.3710938,-0.18424988,11.19841,-0.16511536,0.37376404,0.098968506,-0.013317116,0.008626885,-0.0056740446,0.9872796,-0.13083713,-0.09046461,0.12537234,0.99007404,-0.063681334,0.09789699,0.05152894,0.9938715
1576129996781,1.0384827,-0.22492981,11.801407,-0.15899658,0.12512207,0.10812378,-0.013049977,0.008627909,-0.0054609296,0.9874114,-0.13140358,-0.08817866,0.12619264,0.990058,-0.06229504,0.09548626,0.050382756,0.99416494
1576129996781,1.0384827,-0.22492981,11.801407,-0.15899658,0.12512207,0.10812378,-0.013049977,0.008627909,-0.0054609296,0.9874114,-0.13140358,-0.08817866,0.12619264,0.990058,-0.06229504,0.09548626,0.050382756,0.99416494
1576129996794,1.282547,-0.0143585205,11.303696,-0.13456726,-0.030029297,0.054992676,-0.012857557,0.008618162,-0.0052508456,0.98738307,-0.1316089,-0.088189244,0.126444,0.99005604,-0.061815962,0.09544631,0.04988447,0.9941939
1576129996811,0.9762726,0.105285645,10.466202,0.016311646,-0.036132812,0.050704956,-0.012660368,0.008630805,-0.0050940434,0.9873735,-0.1316516,-0.08823171,0.12649071,0.990054,-0.061753184,0.09548254,0.04981241,0.9941941
1576129996828,1.3447723,-0.38763428,9.915863,0.10610962,-0.005584717,0.09101868,-0.0124433935,0.008640465,-0.0050319843,0.9873456,-0.13183783,-0.088265285,0.12665848,0.99002135,-0.061932877,0.09554807,0.049969055,0.9941799
1576129996843,1.5433655,-0.28474426,9.712463,0.103652954,0.1000824,0.062316895,-0.01222388,0.008613315,-0.0050551095,0.98733485,-0.1320178,-0.088115536,0.12682566,0.9899865,-0.062149804,0.09543653,0.050186817,0.99417967
1576129996845,1.5696869,-0.26081848,9.710068,0.103652954,0.1000824,0.062316895,-0.012184234,0.008608395,-0.0050632176,0.98733485,-0.1320178,-0.088115536,0.12682566,0.9899865,-0.062149804,0.09543653,0.050186817,0.99417967
1576129996859,1.5385895,-0.098098755,9.78186,0.05784607,0.15751648,0.043380737,-0.01193695,0.008585554,-0.0051225056,0.9873535,-0.13218288,-0.087658316,0.12699668,0.98995304,-0.062334403,0.095015615,0.050413232,0.9942086
1576129996879,1.5409851,0.0143585205,10.083359,0.02973938,0.12818909,0.054992676,-0.011600914,0.008586346,-0.0051867394,0.9873701,-0.13232094,-0.08726378,0.12714997,0.9899299,-0.062389452,0.09463894,0.050505336,0.99423987
1576129996893,1.5481567,-0.1603241,10.057037,0.032806396,0.12086487,0.0476532,-0.011349048,0.008594803,-0.005211693,0.9873775,-0.13244854,-0.086985126,0.12728868,0.9899098,-0.062425356,0.094374076,0.050564617,0.99426204
1576129996896,1.529007,-0.20817566,10.064209,0.032806396,0.12086487,0.0476532,-0.011307108,0.008594747,-0.0052151754,0.9873775,-0.13244854,-0.086985126,0.12728868,0.9899098,-0.062425356,0.094374076,0.050564617,0.99426204
1576129996913,1.4428711,-0.2632141,10.258026,0.015090942,0.12512207,0.014053345,-0.011015594,0.008580166,-0.0052340124,0.98739296,-0.13252278,-0.08669729,0.12737662,0.9898977,-0.06243788,0.094094396,0.050606962,0.9942864
1576129996929,1.351944,-0.2368927,10.619354,0.028518677,0.08114624,-0.01586914,-0.010775665,0.008557641,-0.0052242386,0.987414,-0.13251732,-0.086465515,0.12738226,0.9898965,-0.062445145,0.0938655,0.05064448,0.99430615
1576129996945,1.2538452,-0.25842285,10.944778,0.09693909,-0.021469116,-0.021362305,-0.010510046,0.008532893,-0.005155855,0.9874192,-0.13249905,-0.08643447,0.12735842,0.9898948,-0.06252002,0.0938434,0.05072475,0.9943042
1576129996959,1.2346954,-0.34934998,11.093124,0.16352844,-0.10272217,-0.021362305,-0.010329868,0.008511973,-0.005074663,0.9874122,-0.13247874,-0.086545706,0.12730472,0.98988324,-0.06281257,0.09399,0.051003646,0.9942761
1576129996962,1.2610168,-0.32063293,11.152954,0.1800232,-0.12715149,-0.016479492,-0.01029408,0.008506898,-0.0050554643,0.9874036,-0.13247612,-0.086648166,0.12727766,0.9898738,-0.06301492,0.09411724,0.0511922,0.9942544
1576129996979,1.5768738,-0.24406433,11.921036,0.15803528,-0.20960999,-0.01586914,-0.010036265,0.008471456,-0.0048824945,0.98734516,-0.1324845,-0.08730063,0.1271713,0.98983294,-0.06386549,0.09487272,0.051954553,0.9941432
1576129996992,1.8664093,-0.117248535,13.316055,0.07678223,-0.26397705,-0.021987915,-0.009782948,0.008449606,-0.0046267565,0.98728293,-0.13245665,-0.08804418,0.12705897,0.9898168,-0.06433829,0.09566813,0.05233268,0.9940472
1576129997013,2.4215393,0.124420166,16.673187,-0.07714844,-0.46372986,-0.070236206,-0.009373966,0.008453757,-0.0039535793,0.98707056,-0.13207349,-0.09095405,0.12650917,0.989879,-0.06446373,0.0985459,0.052123122,0.9937771
1576129997027,2.273178,0.102890015,18.98465,-0.054534912,-0.6860962,-0.11665344,-0.009013365,0.008478555,-0.0030560833,0.98674893,-0.13129172,-0.0954637,0.12548167,0.9900054,-0.06453273,0.10298059,0.051698074,0.99334955
1576129997031,2.1678925,0.1268158,19.23111,-0.04598999,-0.730072,-0.12338257,-0.008952924,0.008483329,-0.0028733364,0.98664993,-0.13106036,-0.09679577,0.12517121,0.99003917,-0.064617015,0.10429872,0.051637754,0.99321514
1576129997045,1.8376923,0.098098755,20.025528,0.012039185,-0.875473,-0.13619995,-0.008612335,0.008514412,-0.0016244717,0.9857974,-0.12936494,-0.107200846,0.12279693,0.9902595,-0.0657823,0.11466486,0.051683508,0.9920694
1576129997063,2.0027924,-0.04547119,19.118652,0.0670166,-0.5388794,-0.14108276,-0.008249348,0.008545131,-0.000015592886,0.9847453,-0.12749308,-0.11851432,0.120051526,0.99044865,-0.06796769,0.12604588,0.052702468,0.9906341
1576129997079,1.8975067,-0.059814453,17.91745,-0.022781372,0.3609314,-0.22721863,-0.007881169,0.008555591,0.0014940805,0.98482996,-0.12649284,-0.11888275,0.11900395,0.9905635,-0.068138264,0.126378,0.05295652,0.99057823
1576129997079,1.8975067,-0.059814453,17.91745,-0.022781372,0.3609314,-0.22721863,-0.007881169,0.008555591,0.0014940805,0.98482996,-0.12649284,-0.11888275,0.11900395,0.9905635,-0.068138264,0.126378,0.05295652,0.99057823
1576129997095,1.409378,0.114852905,17.501099,-0.05882263,1.0505981,-0.27304077,-0.0075837127,0.008564623,0.0026630177,0.9861458,-0.123764835,-0.110554814,0.11689701,0.9909188,-0.066603445,0.11779215,0.05275662,0.9916465
1576129997112,0.81355286,0.27038574,17.21875,0.043182373,1.5582428,-0.23944092,-0.007309123,0.008599564,0.0039376514,0.99074686,-0.11627328,-0.07017796,0.112037756,0.9918066,-0.061550304,0.07675821,0.05311763,0.99564445
1576129997130,0.93559265,0.41156006,16.237701,0.25637817,1.2002716,-0.13253784,-0.007112173,0.008656302,0.0051395185,0.99310154,-0.11195467,-0.035203364,0.10966082,0.9920781,-0.06145349,0.0418035,0.057168517,0.9974996
1576129997130,0.93559265,0.41156006,16.237701,0.25637817,1.2002716,-0.13253784,-0.007112173,0.008656302,0.0051395185,0.99310154,-0.11195467,-0.035203364,0.10966082,0.9920781,-0.06145349,0.0418035,0.057168517,0.9974996
1576129997147,1.4476624,0.5670929,13.684555,0.41703796,0.7421112,-0.053741455,-0.006907194,0.008741959,0.0061423033,0.9936857,-0.11071189,-0.01885028,0.10925583,0.99183756,-0.06589727,0.025991222,0.06342099,0.99765897
1576129997164,1.6510468,0.44984436,11.344376,0.33763123,0.80197144,-0.07084656,-0.006635975,0.008848377,0.0067639197,0.9938932,-0.11006728,-0.009252941,0.109164804,0.9915951,-0.06959452,0.016834551,0.068158664,0.99754316
1576129997179,1.3902283,0.49771118,10.255646,0.1995697,1.2448578,-0.109939575,-0.006381743,0.008933647,0.0070026936,0.99407434,-0.10852079,0.008001426,0.10881507,0.99148154,-0.07172726,-0.00014985842,0.07217208,0.9974027
1576129997194,1.2322998,0.5240326,9.961319,0.05784607,1.7445526,-0.086120605,-0.0061478885,0.009020989,0.007067429,0.9933831,-0.10614813,0.044131592,0.109081075,0.9915445,-0.07044109,-0.036281288,0.074788034,0.9965497
1576129997197,1.1844482,0.5144501,9.978073,0.018753052,1.8508453,-0.06594849,-0.006111407,0.009035845,0.0070689092,0.99258536,-0.1055001,0.06057256,0.109598234,0.9915975,-0.06887499,-0.052797116,0.07500207,0.99579525
1576129997214,1.277771,0.5814514,9.9062805,-0.006286621,1.8490143,0.03237915,-0.005866669,0.009140947,0.0070585124,0.98696244,-0.10512637,0.12197931,0.11325154,0.9916598,-0.0616937,-0.1144754,0.07470281,0.9906241
1576129997227,1.409378,0.5240326,8.707489,0.017532349,1.6810303,0.08857727,-0.0056494954,0.009234609,0.0069956873,0.9802158,-0.10685591,0.16668561,0.1177294,0.9914333,-0.056751437,-0.1591919,0.075251535,0.9843863
1576129997246,1.2275238,0.6269226,7.7862396,-0.009338379,1.563736,0.10079956,-0.005389753,0.009344856,0.006758464,0.97282106,-0.109039456,0.20434001,0.12205672,0.99116087,-0.052185737,-0.19684151,0.075707525,0.9775188
1576129997246,1.2275238,0.6269226,7.7862396,-0.009338379,1.563736,0.10079956,-0.005389753,0.009344856,0.006758464,0.97282106,-0.109039456,0.20434001,0.12205672,0.99116087,-0.052185737,-0.19684151,0.075707525,0.9775188
1576129997264,1.146164,0.84706116,6.8434753,0.0181427,1.3878021,0.17227173,-0.00515198,0.009471873,0.0063635656,0.96281195,-0.11283878,0.24553177,0.12809075,0.9906583,-0.04701037,-0.23793101,0.07671153,0.968259
1576129997280,1.1676941,0.69869995,5.9102783,-0.028884888,1.4085693,0.18876648,-0.004916016,0.0096194055,0.0057993694,0.953559,-0.11729678,0.27747384,0.13419317,0.99004793,-0.0426402,-0.269708,0.07789409,0.9597975
1576129997294,0.61735535,0.4665985,6.1591187,-0.111968994,1.5405121,0.15455627,-0.0047285887,0.009733711,0.0052107684,0.94518,-0.12068197,0.30347276,0.13837394,0.989684,-0.037404176,-0.29582492,0.077345476,0.9521168
1576129997311,0.07896423,0.4355011,6.788437,-0.1308899,1.5649567,0.13562012,-0.0046040593,0.0098268045,0.0046350798,0.93280554,-0.124792635,0.3381206,0.14290816,0.98931795,-0.02911932,-0.33087122,0.07548197,0.94066364
1576129997313,0.021530151,0.4019928,6.8650055,-0.11074829,1.5032654,0.13562012,-0.004590534,0.009841039,0.004545354,0.9287193,-0.12605558,0.34873414,0.14424737,0.989195,-0.02658664,-0.34161082,0.07499463,0.93685603
1576129997330,-0.27038574,0.090927124,6.3385925,0.019973755,1.2137146,0.14601135,-0.0045418506,0.009918148,0.003939977,0.9186568,-0.1289372,0.37345627,0.1476619,0.9888072,-0.021840516,-0.36645603,0.075208336,0.9274024
1576129997350,-0.35891724,0.110076904,4.9100647,0.14030457,0.9858551,0.16555786,-0.0045498847,0.009963805,0.003145609,0.90850216,-0.13141252,0.39671138,0.15187988,0.98819757,-0.02047218,-0.3893346,0.078850605,0.917727
1576129997364,-0.22732544,0.0765686,4.2520447,0.09144592,0.98095703,0.14906311,-0.004568128,0.009994613,0.0023952683,0.90332687,-0.13259988,0.40797478,0.1540659,0.9878679,-0.02005166,-0.4003619,0.080967285,0.91278493
1576129997369,-0.23449707,0.055038452,4.2185516,0.04196167,0.94737244,0.1295166,-0.0045722793,0.010003914,0.002121596,0.90033364,-0.13330118,0.41431347,0.15516563,0.9877087,-0.01940057,-0.40663034,0.08175326,0.90993947
1576129997379,-0.40678406,0.16270447,4.4027863,-0.028884888,0.8881073,0.11424255,-0.0045815012,0.010021472,0.0015582897,0.8967399,-0.13428187,0.42172426,0.15638302,0.9875417,-0.018082298,-0.4140374,0.082164675,0.9065559
1576129997397,-0.82073975,0.3637085,5.34317,-0.064315796,0.8618469,0.1429596,-0.00462976,0.010068576,0.00059970276,0.8908731,-0.13638635,0.43332303,0.15846476,0.9872604,-0.015053169,-0.42574483,0.082075916,0.9011252
1576129997414,-1.1533356,0.18664551,5.694916,0.004714966,0.8575592,0.17532349,-0.004733944,0.010131996,-0.00025469827,0.88558066,-0.13843672,0.4434039,0.16073814,0.9869234,-0.01289994,-0.43581495,0.08269485,0.8962414
1576129997429,-1.6319122,0.0023956299,5.3934174,0.07739258,0.75982666,0.18693542,-0.0048759775,0.010171677,-0.00094383874,0.88082755,-0.14016052,0.45224154,0.16310057,0.9865482,-0.011914247,-0.44448307,0.084254235,0.89182824
1576129997432,-1.6654053,-0.009567261,5.36232,0.084732056,0.72439575,0.1777649,-0.004905433,0.010176074,-0.0010594098,0.8794835,-0.1406141,0.4547098,0.16380098,0.9864339,-0.011773408,-0.4468805,0.08483541,0.8905742
1576129997449,-1.763504,-0.16989136,5.469986,0.035858154,0.57839966,0.14967346,-0.005146618,0.010190987,-0.0018799353,0.87576306,-0.14193043,0.4614317,0.16574606,0.986115,-0.011256912,-0.4534218,0.08633784,0.88711673
1576129997462,-1.7252197,-0.29193115,5.802597,-0.03866577,0.42140198,0.118515015,-0.0053709885,0.01018209,-0.002569592,0.87421614,-0.1426782,0.46412665,0.16661143,0.98597515,-0.0107232975,-0.45608214,0.08670224,0.8857163
1576129997478,-1.976471,-0.21296692,6.2931213,-0.17060852,0.09764099,0.032989502,-0.005605185,0.010159187,-0.003216114,0.87352526,-0.14328815,0.4652385,0.16702211,0.9859139,-0.009947537,-0.45725447,0.086393505,0.8851419
1576129997481,-2.0123596,-0.16749573,6.345764,-0.18344116,0.046325684,0.022003174,-0.0056464467,0.01015559,-0.0033177752,0.87351364,-0.14333738,0.4652452,0.16703254,0.985913,-0.00985874,-0.4572729,0.08632179,0.8851394
1576129997496,-2.136795,-0.057434082,6.5850525,-0.19932556,-0.15463257,-0.01586914,-0.0059126294,0.01014254,-0.0038949826,0.87363064,-0.1435797,0.46495068,0.16701728,0.9859204,-0.009362193,-0.4570549,0.08583286,0.8852996
1576129997513,-1.9692993,0.01675415,6.632904,-0.17243958,-0.16746521,-0.025024414,-0.0062364936,0.010145763,-0.004531453,0.8740358,-0.14388125,0.46409526,0.166921,0.9859429,-0.008696414,-0.45631492,0.08506718,0.88575524
1576129997534,-2.1391907,-0.06700134,7.4321136,-0.17243958,-0.028182983,-0.06594849,-0.006596659,0.010163737,-0.005207639,0.8742314,-0.14405781,0.46367213,0.16671576,0.98598355,-0.0079997005,-0.45601532,0.084294006,0.88598347
1576129997534,-2.1942139,-0.090927124,7.5350037,-0.17243958,-0.028182983,-0.06594849,-0.006642936,0.010165479,-0.00528331,0.8742314,-0.14405781,0.46367213,0.16671576,0.98598355,-0.0079997005,-0.45601532,0.084294006,0.88598347
1576129997549,-2.4047852,-0.15553284,7.8963165,-0.15228271,-0.07217407,-0.0848999,-0.006887797,0.010167938,-0.0056277374,0.87431574,-0.14407793,0.46350682,0.16651048,0.9860214,-0.0075910552,-0.45592865,0.083814695,0.8860736
1576129997563,-2.6105652,-0.1986084,8.059021,-0.15962219,-0.16441345,-0.109939575,-0.0072097983,0.0101604685,-0.0059826,0.87452143,-0.14403759,0.4631312,0.16623682,0.9860704,-0.007224988,-0.45563397,0.08330686,0.8862731
1576129997582,-2.904892,-0.06939697,8.271988,-0.20970154,-0.14181519,-0.17529297,-0.007685575,0.010147961,-0.0064080674,0.8752376,-0.14374278,0.4618686,0.16523673,0.9862455,-0.0061821775,-0.4546219,0.08172754,0.88693976
1576129997598,-3.0269165,0.026321411,8.602203,-0.20542908,-0.058120728,-0.16308594,-0.008080374,0.010150116,-0.0066917026,0.8754726,-0.1435517,0.4614827,0.16463467,0.9863503,-0.0055051004,-0.45438796,0.08079465,0.8871451
1576129997598,-3.0269165,0.026321411,8.602203,-0.20542908,-0.058120728,-0.16308594,-0.008080374,0.010150116,-0.0066917026,0.8754726,-0.1435517,0.4614827,0.16463467,0.9863503,-0.0055051004,-0.45438796,0.08079465,0.8871451
1576129997615,-2.8426666,0.22732544,9.343979,-0.18771362,-0.06788635,-0.12948608,-0.008556163,0.010170735,-0.0069560558,0.8756594,-0.14339688,0.46117628,0.16400559,0.9864594,-0.0046782554,-0.45425537,0.079731084,0.88730925
1576129997628,-2.6847534,0.33021545,9.552155,-0.13822937,-0.17295837,-0.10015869,-0.008884036,0.01020467,-0.00708195,0.8758782,-0.14332704,0.46078232,0.16368368,0.9865146,-0.0042805453,-0.45394954,0.07917082,0.8875159
1576129997647,-2.6967163,0.2416687,9.135803,-0.023391724,-0.33361816,-0.05618286,-0.009384779,0.010282496,-0.0072348043,0.87681425,-0.14311159,0.45906597,0.16318403,0.9865981,-0.00411292,-0.45231953,0.07851756,0.8884056
1576129997662,-2.7517395,0.1986084,8.664413,0.0041046143,-0.2804718,-0.03968811,-0.00975797,0.010333733,-0.007389827,0.87740105,-0.14295802,0.45799145,0.16300301,0.9866273,-0.0043066987,-0.45124567,0.078431755,0.88895905
1576129997667,-2.7637177,0.17945862,8.650055,-0.00018310547,-0.20289612,-0.031143188,-0.009883434,0.010348994,-0.007454444,0.87759274,-0.14290427,0.4576408,0.16294271,0.98663694,-0.004375452,-0.45089453,0.07840814,0.8891393
1576129997679,-2.6990967,0.1268158,8.779266,0.027297974,-0.09172058,-0.014038086,-0.010198561,0.01038379,-0.0076278797,0.8777036,-0.14286289,0.45744106,0.16290355,0.98664325,-0.0044290284,-0.4506929,0.07840519,0.88924176
1576129997694,-2.5962067,0.119644165,8.886948,0.08534241,-0.07156372,-0.0061035156,-0.010570613,0.010418841,-0.007832639,0.8777437,-0.14282078,0.45737717,0.1628939,0.98664445,-0.004515902,-0.45061818,0.078466795,0.8892742
1576129997710,-2.4071808,0.16989136,8.659622,0.19651794,-0.19250488,0.006729126,-0.010986218,0.010457512,-0.008065042,0.87799275,-0.14254613,0.45698458,0.16289328,0.9866413,-0.005201346,-0.45013294,0.079005495,0.8894723
1576129997733,-1.7611237,0.25602722,7.5637054,0.30647278,-0.28170776,0.02810669,-0.011458622,0.010519695,-0.008440541,0.8788289,-0.14178964,0.45561048,0.16301145,0.9866077,-0.007392592,-0.44845518,0.080765545,0.89016134
1576129997733,-1.7611237,0.25602722,7.5637054,0.30647278,-0.28170776,0.02810669,-0.011458622,0.010519695,-0.008440541,0.8788289,-0.14178964,0.45561048,0.16301145,0.9866077,-0.007392592,-0.44845518,0.080765545,0.89016134
1576129997746,-1.3304138,0.28953552,6.9631195,0.3455658,-0.23527527,0.027496338,-0.01166467,0.010561339,-0.008741353,0.8795575,-0.1409874,0.45445168,0.16318184,0.9865589,-0.009759478,-0.44696194,0.08274128,0.89073056
1576129997763,-0.73698425,0.1651001,6.520447,0.3590088,-0.06422424,-0.04396057,-0.011872296,0.010620134,-0.009275825,0.8799471,-0.14003712,0.45399112,0.16313131,0.98654395,-0.011880998,-0.44621304,0.08451378,0.89093965
1576129997781,-1.2203369,-0.086135864,5.8384857,0.37062073,0.19354248,-0.24371338,-0.012002116,0.010659941,-0.009903634,0.87974787,-0.13725415,0.45522544,0.16169812,0.9867378,-0.01498017,-0.4471267,0.0867868,0.8902628
1576129997783,-1.385437,-0.14596558,5.745163,0.37062073,0.19354248,-0.24371338,-0.012022673,0.010662719,-0.010001963,0.87974787,-0.13725415,0.45522544,0.16169812,0.9867378,-0.01498017,-0.4471267,0.0867868,0.8902628
1576129997798,-2.2660065,-0.38763428,5.4269257,0.20935059,0.1978302,-0.27120972,-0.012203743,0.0106597785,-0.01063793,0.87934464,-0.13481191,0.45673147,0.15995632,0.986995,-0.01663486,-0.4485437,0.08768378,0.88946164
1576129997816,-2.7828522,-0.2368927,5.481964,0.00044250488,0.042663574,-0.16369629,-0.012546575,0.010624027,-0.011442794,0.8792327,-0.13369183,0.4572762,0.15894121,0.98715293,-0.016995404,-0.449124,0.08762186,0.88917494
1576129997828,-2.4646149,0.04067993,6.233307,-0.08691406,-0.014144897,-0.054351807,-0.012842422,0.010607351,-0.012007543,0.8792511,-0.13359606,0.45726874,0.1587909,0.9871785,-0.016912326,-0.44914106,0.08747921,0.88918036
1576129997846,-1.6414795,0.119644165,7.453644,-0.0026245117,0.16789246,-0.017105103,-0.013212158,0.010620603,-0.01267749,0.8791792,-0.1336293,0.45739746,0.15876155,0.9871859,-0.016752217,-0.4492924,0.08734424,0.88911724
1576129997848,-1.5649109,0.124420166,7.6426697,0.029144287,0.1990509,-0.023208618,-0.013256141,0.010624495,-0.01275795,0.87913513,-0.13361241,0.45748702,0.15875174,0.9871875,-0.016750801,-0.449382,0.087351985,0.8890712
1576129997865,-1.385437,0.19621277,8.334198,0.24049377,0.19049072,-0.042129517,-0.013514244,0.010660634,-0.013219148,0.878714,-0.13316377,0.45842612,0.15860553,0.9872024,-0.017252138,-0.45025656,0.087867506,0.88857794
1576129997882,-1.6055908,0.13160706,8.401199,0.4152069,-0.45274353,-0.009765625,-0.013740555,0.010705706,-0.013565534,0.87939835,-0.13160807,0.45756218,0.1583752,0.98717856,-0.020442573,-0.44899955,0.09044252,0.8889555
1576129997895,-1.7132568,0.047851562,8.2456665,0.42681885,-0.94021606,0.017105103,-0.013913405,0.010732667,-0.013792294,0.8831532,-0.12957984,0.45086023,0.15825492,0.9870591,-0.02630499,-0.4416115,0.09458099,0.89221954
1576129997898,-1.7371826,0.08135986,8.195419,0.42008972,-1.0220642,0.02078247,-0.013949433,0.010737223,-0.013838317,0.8844016,-0.1291139,0.4485409,0.15823533,0.98701906,-0.027879685,-0.4391132,0.09563064,0.89334005
1576129997915,-1.3232269,0.5670929,7.5589294,0.27838135,-1.2914734,0.05987549,-0.014199168,0.010785158,-0.01419321,0.89626163,-0.12653008,0.42512465,0.15823866,0.98660344,-0.03995932,-0.41436815,0.10308385,0.90426487
1576129997931,-0.9690857,0.7034912,6.972687,-0.028274536,-0.93289185,0.08554077,-0.014397462,0.01088801,-0.014638302,0.90414184,-0.12677404,0.40802187,0.15864705,0.98631644,-0.04509448,-0.3967169,0.10550193,0.9118702
1576129997947,-1.1150513,0.29670715,7.6833496,-0.37953186,-0.23039246,0.09101868,-0.014529213,0.010990262,-0.015076033,0.90615195,-0.1283509,0.40303934,0.15922658,0.986277,-0.043899786,-0.3918689,0.10395312,0.9141415
1576129997950,-1.1652985,0.22970581,7.975281,-0.44122314,-0.0513916,0.09223938,-0.01455103,0.011004141,-0.015144639,0.9062082,-0.12891738,0.4027319,0.15941714,0.9862861,-0.042994104,-0.39166126,0.10316265,0.91432
1576129997963,-1.6366882,0.107681274,9.583252,-0.45098877,0.07443237,0.122787476,-0.014704903,0.011064135,-0.015463844,0.9059764,-0.13059756,0.40271205,0.16006497,0.9862973,-0.040243287,-0.39193323,0.10091826,0.91445386
1576129997981,-1.7036896,0.06700134,10.700699,-0.21580505,-0.4875641,0.18327332,-0.01494121,0.011105948,-0.0155972745,0.9065024,-0.1331126,0.40069962,0.16143404,0.98617846,-0.0376015,-0.39015126,0.098771125,0.91544974
1576129997998,-1.0097656,0.22970581,10.403992,0.045028687,-1.1851654,0.18876648,-0.01517562,0.011141725,-0.015563017,0.9120683,-0.13621469,0.38678527,0.16390674,0.98570156,-0.039366588,-0.37588784,0.099300414,0.9213413
1576129998012,-0.63648987,0.27757263,9.468399,0.080444336,-1.3873749,0.1600647,-0.015291748,0.01117854,-0.015550627,0.92011833,-0.13835296,0.36642393,0.16582839,0.98516464,-0.04443106,-0.35483637,0.10164398,0.9293984
1576129998012,-0.63648987,0.27757263,9.468399,0.080444336,-1.3873749,0.1600647,-0.015291748,0.01117854,-0.015550627,0.92011833,-0.13835296,0.36642393,0.16582839,0.98516464,-0.04443106,-0.35483637,0.10164398,0.9293984
1576129998032,-0.61735535,0.033493042,9.233902,-0.37036133,-0.79422,0.08430481,-0.015414448,0.011241454,-0.015719183,0.93022907,-0.14205538,0.33840832,0.16734083,0.98480916,-0.046592187,-0.32664487,0.099969625,0.9398569
1576129998047,-0.6915283,0.34457397,10.983063,-0.49742126,-0.5633087,0.13195801,-0.0154856825,0.011272828,-0.015814228,0.9324157,-0.1450462,0.3310421,0.16822594,0.9848518,-0.04231131,-0.31988633,0.09514035,0.94267863
1576129998062,-0.62931824,0.54556274,11.923431,-0.38258362,-0.83758545,0.19181824,-0.015557973,0.011329463,-0.015732748,0.93458843,-0.14816323,0.32344797,0.16964795,0.9847403,-0.03910359,-0.31271467,0.09141683,0.9454493
1576129998080,-0.74894714,0.58384705,11.791824,-0.18527222,-1.4130249,0.26512146,-0.015641132,0.011431649,-0.015483776,0.9429416,-0.15564044,0.2943869,0.17428425,0.9839726,-0.03802198,-0.2837474,0.08715834,0.95494115
1576129998083,-0.7920227,0.550354,11.696121,-0.17121887,-1.4460144,0.26818848,-0.01565404,0.011447666,-0.01544467,0.94433284,-0.15674956,0.28929496,0.17504798,0.9838251,-0.038329814,-0.27860403,0.08683542,0.9564838
1576129998101,-0.9643097,0.12921143,10.82991,-0.19259644,-1.2334442,0.2938385,-0.015760448,0.011552794,-0.0152116325,0.95265466,-0.1644825,0.25577512,0.18054329,0.9827456,-0.040465545,-0.24470313,0.08472703,0.9659004
1576129998113,-0.8877411,-0.21296692,10.80838,-0.3263855,-0.8241577,0.30543518,-0.01584902,0.011588203,-0.015109468,0.9547571,-0.1682418,0.24527459,0.18326858,0.98227566,-0.03961397,-0.23425983,0.08277174,0.9686553
1576129998130,-0.78245544,-0.06939697,12.138794,-0.6147156,-0.21939087,0.35798645,-0.01596914,0.011588404,-0.0149584245,0.9554128,-0.17475617,0.23805983,0.18787742,0.98163533,-0.03340673,-0.22784731,0.07664228,0.970687
1576129998132,-0.71784973,-0.0023956299,12.392426,-0.6147156,-0.21939087,0.35798645,-0.015985142,0.0115880715,-0.014924805,0.9554128,-0.17475617,0.23805983,0.18787742,0.98163533,-0.03340673,-0.22784731,0.07664228,0.970687
1576129998150,-0.17468262,0.31106567,14.464615,-0.54507446,-0.66104126,0.36286926,-0.01606734,0.011608649,-0.014525146,0.9558875,-0.18311733,0.22972327,0.19381273,0.98073864,-0.024690812,-0.22077475,0.06812405,0.97295403
1576129998169,0.26081848,0.06939697,14.634506,-0.20176697,-1.2377014,0.20892334,-0.016064027,0.011666918,-0.01374222,0.9592385,-0.18988097,0.2093613,0.19876775,0.9798092,-0.022056302,-0.20094393,0.06277072,0.9776008
1576129998179,-0.01914978,-0.090927124,13.823334,-0.048431396,-1.3574371,0.08369446,-0.016036399,0.0116861835,-0.013323382,0.9632401,-0.19225422,0.1877025,0.20034488,0.9794185,-0.024943953,-0.17904189,0.061631452,0.98192024
1576129998197,-0.69392395,-0.1986084,14.301895,0.023025513,-1.1039276,0.05987549,-0.016029114,0.011690156,-0.012658285,0.9671409,-0.19329214,0.16523306,0.20071284,0.97922283,-0.029296346,-0.15613565,0.061497293,0.98583037
1576129998200,-0.7154541,-0.17945862,14.347366,0.046844482,-1.0294037,0.073913574,-0.016035274,0.011688662,-0.01256202,0.9675404,-0.19345714,0.16268207,0.20082115,0.97918093,-0.029949244,-0.15349972,0.061646298,0.98623496
1576129998217,-0.117248535,0.0047912598,14.273193,0.18185425,-0.55596924,0.19303894,-0.01609005,0.011684744,-0.011863405,0.9689058,-0.19527507,0.15203439,0.2026149,0.97867084,-0.034227982,-0.14210638,0.06396729,0.98779327
1576129998230,0.38523865,0.14117432,13.969299,0.18795776,-0.39349365,0.16555786,-0.016086025,0.011699387,-0.011269789,0.9691212,-0.19625893,0.1493706,0.20368762,0.97838366,-0.036021613,-0.13907087,0.0653334,0.98813576
1576129998248,0.6053772,0.22492981,13.110275,0.13908386,-0.13693237,0.045211792,-0.016004585,0.011736383,-0.010638394,0.9692395,-0.19675092,0.1479496,0.20428942,0.97820437,-0.03745804,-0.13735373,0.06652953,0.9882963
1576129998251,0.5886383,0.16989136,13.024139,0.12260437,-0.10760498,0.0317688,-0.015988592,0.011742844,-0.010557869,0.96924347,-0.19675612,0.14791667,0.20430054,0.9781998,-0.03751634,-0.13730918,0.0665811,0.988299
1576129998266,0.5431671,-0.03111267,12.691528,0.03768921,0.03656006,-0.017700195,-0.015886277,0.011776347,-0.01011658,0.9692477,-0.19674762,0.1479008,0.20430313,0.97819585,-0.03760466,-0.13727601,0.066663995,0.988298
1576129998283,0.44984436,-0.37806702,12.47139,-0.06736755,0.10557556,-0.040908813,-0.015767757,0.0117809605,-0.00967072,0.9692318,-0.19668719,0.14808619,0.2042411,0.97821265,-0.037506405,-0.13748142,0.06659685,0.988274
1576129998297,0.1651001,-0.01675415,12.851852,-0.091796875,-0.16197205,-0.012817383,-0.01568382,0.011760872,-0.009314597,0.969259,-0.19666694,0.14793499,0.20418116,0.9782332,-0.037296314,-0.13737863,0.0663545,0.98830456
1576129998300,0.18424988,0.0143585205,12.863815,-0.07287598,-0.21022034,-0.009155273,-0.015672639,0.011759613,-0.00925316,0.96927714,-0.19666798,0.14781494,0.20417191,0.9782357,-0.037280697,-0.1372646,0.06631416,0.9883231
1576129998316,0.5312042,-0.110076904,12.055038,0.07067871,-0.44540405,-0.020767212,-0.015601903,0.011760024,-0.0088878535,0.9695762,-0.19659062,0.1459451,0.20403808,0.9782439,-0.037795056,-0.13533844,0.06642273,0.98858136
1576129998334,0.55274963,-0.14356995,11.196014,0.08534241,-0.52970886,-0.07267761,-0.015486218,0.011752339,-0.008572784,0.9703447,-0.19601753,0.1415419,0.203396,0.9783084,-0.039548337,-0.13071817,0.06716374,0.9891529
1576129998352,0.4737854,0.04547119,11.181656,0.07434082,-0.32202148,-0.034194946,-0.015354681,0.011749715,-0.008342455,0.97100013,-0.19536842,0.13789715,0.20268051,0.978397,-0.04100217,-0.12690638,0.06776136,0.98960835
1576129998364,0.76330566,0.20578003,11.428116,0.08534241,-0.19250488,0.015289307,-0.0152715575,0.011763971,-0.008211441,0.9710858,-0.19533038,0.13734749,0.20264502,0.978391,-0.04132121,-0.126307,0.0679584,0.9896715
1576129998364,0.76330566,0.20578003,11.428116,0.08534241,-0.19250488,0.015289307,-0.0152715575,0.011763971,-0.008211441,0.9710858,-0.19533038,0.13734749,0.20264502,0.978391,-0.04132121,-0.126307,0.0679584,0.9896715
1576129998382,1.3328094,0.18664551,11.222336,0.14337158,-0.077056885,0.025665283,-0.015102449,0.011809733,-0.008009628,0.97111404,-0.19538353,0.13707185,0.2027305,0.9783562,-0.04172192,-0.12595208,0.06830456,0.98969287
1576129998400,1.0504456,-0.08135986,10.52124,0.17819214,-0.045898438,-0.10383606,-0.014872881,0.011844696,-0.007848358,0.9711759,-0.19511108,0.13702197,0.20253846,0.978367,-0.042397477,-0.12578432,0.06892678,0.9896711
1576129998414,0.5934143,0.062210083,10.29393,0.09144592,-0.13020325,-0.11909485,-0.014699218,0.011858026,-0.0077812816,0.9712843,-0.19469664,0.1368428,0.20216602,0.9784244,-0.04285149,-0.12554602,0.0692851,0.9896764
1576129998430,0.5288086,0.026321411,10.5260315,0.003479004,-0.21694946,-0.08734131,-0.014552581,0.01188242,-0.0077416813,0.9714589,-0.1943146,0.13614403,0.20176643,0.9784948,-0.04312449,-0.12483528,0.06936212,0.989761
1576129998430,0.5288086,0.026321411,10.5260315,0.003479004,-0.21694946,-0.08734131,-0.014552581,0.01188242,-0.0077416813,0.9714589,-0.1943146,0.13614403,0.20176643,0.9784948,-0.04312449,-0.12483528,0.06936212,0.989761
1576129998449,0.6795654,-0.0023956299,10.963913,0.00044250488,-0.1662445,-0.0848999,-0.014422093,0.01190199,-0.0076737814,0.97161686,-0.1940163,0.13544105,0.20143181,0.9785583,-0.04324672,-0.12414518,0.06930054,0.98985213
1576129998467,0.81355286,-0.095718384,10.564316,0.02670288,-0.14730835,-0.08061218,-0.014277935,0.0119150365,-0.0075655617,0.9717227,-0.19377272,0.13502948,0.20117618,0.97860426,-0.043395758,-0.12373031,0.06933252,0.9899019
1576129998481,1.0911255,-0.18185425,10.04985,-0.030715942,-0.18151855,-0.08734131,-0.014132935,0.011914991,-0.00750974,0.9718148,-0.19358085,0.13464142,0.20096499,0.9786443,-0.043471053,-0.123349704,0.069303185,0.98995143
1576129998484,1.1724854,-0.21296692,9.96611,-0.06736755,-0.19006348,-0.097717285,-0.014105644,0.011913775,-0.0075066495,0.9718625,-0.19348839,0.13443032,0.20085457,0.9786678,-0.043451488,-0.12315408,0.06922898,0.989981
1576129998501,1.2753754,-0.071777344,10.052246,-0.19015503,-0.17480469,-0.1502533,-0.013881157,0.011898843,-0.0075228414,0.9720576,-0.19307409,0.13361308,0.200328,0.9787944,-0.043031484,-0.12247027,0.06859469,0.99011004
1576129998517,0.9068756,-0.01675415,10.363312,-0.20848083,-0.064834595,-0.18629456,-0.013684072,0.011897843,-0.0075329538,0.9723213,-0.19231874,0.13278195,0.19938995,0.9790283,-0.04205919,-0.1219073,0.067369625,0.9902637
1576129998530,0.727417,-0.25842285,10.2341,-0.16694641,0.017623901,-0.16796875,-0.013518714,0.011899957,-0.0075211492,0.9724571,-0.19175285,0.13260515,0.19872415,0.97919273,-0.041376874,-0.12191065,0.06658829,0.99031615
1576129998548,0.49771118,-0.3637085,10.267609,-0.1131897,-0.006210327,-0.15270996,-0.013361965,0.01187421,-0.0075090374,0.972562,-0.19125578,0.13255377,0.19815755,0.97932893,-0.04086841,-0.1219962,0.066012815,0.99034417
1576129998551,0.49291992,-0.3517456,10.27478,-0.1131897,-0.006210327,-0.15270996,-0.013342682,0.0118686,-0.007507322,0.972562,-0.19125578,0.13255377,0.19815755,0.97932893,-0.04086841,-0.1219962,0.066012815,0.99034417
1576129998564,0.39720154,-0.28234863,10.516449,-0.04171753,-0.03062439,-0.121536255,-0.0132540045,0.011839178,-0.0074910996,0.97262007,-0.19101097,0.13248082,0.19788904,0.97938895,-0.040729772,-0.12196922,0.065830335,0.9903596
1576129998583,1.105484,0.062210083,10.638489,0.09877014,0.08053589,-0.061065674,-0.013116986,0.011813463,-0.0074254945,0.9726521,-0.19081627,0.1325261,0.19770773,0.9794218,-0.040824775,-0.122007705,0.065908976,0.99034965
1576129998598,1.7802582,0.01675415,10.478165,0.024856567,0.26686096,-0.16369629,-0.012933199,0.011821289,-0.0073702554,0.97262514,-0.19032629,0.13342687,0.19728723,0.97950244,-0.040925328,-0.12290154,0.06612765,0.9902246
1576129998600,1.7826538,0.047851562,10.468597,0.005935669,0.28030396,-0.1856842,-0.012893071,0.011823386,-0.0073622796,0.9726234,-0.19017364,0.13365725,0.19714384,0.9795331,-0.0408837,-0.123145446,0.06611337,0.9901953
1576129998618,1.1605225,-0.110076904,10.363312,-0.12234497,0.24975586,-0.28341675,-0.012601195,0.011838521,-0.0073111365,0.9726919,-0.18856359,0.13542652,0.19553621,0.97988963,-0.04005239,-0.12514938,0.06543867,0.9899886
1576129998631,0.79681396,-0.23210144,10.281952,-0.22680664,0.066482544,-0.27670288,-0.012399313,0.011838617,-0.0072831255,0.972876,-0.18717493,0.13602808,0.19402768,0.98023665,-0.03887663,-0.12606168,0.06421459,0.98995316
1576129998651,0.87098694,-0.06939697,10.198212,-0.23168945,-0.0043640137,-0.28709412,-0.012184924,0.011830684,-0.0072492077,0.9731993,-0.18566187,0.13578741,0.19229403,0.9806372,-0.03735777,-0.12622091,0.062466897,0.9900449
1576129998651,0.87098694,-0.06939697,10.198212,-0.23168945,-0.0043640137,-0.28709412,-0.012184924,0.011830684,-0.0072492077,0.9731993,-0.18566187,0.13578741,0.19229403,0.9806372,-0.03735777,-0.12622091,0.062466897,0.9900449
1576129998667,0.447464,-0.3637085,9.94696,-0.15655518,0.09642029,-0.29380798,-0.012040124,0.01182217,-0.0072442046,0.9735096,-0.18401045,0.13580978,0.19047244,0.98103917,-0.036113217,-0.12658803,0.061023828,0.9900881
1576129998684,0.5240326,-0.23449707,9.76033,-0.11074829,0.18682861,-0.21318054,-0.011919688,0.011792294,-0.007282196,0.9736439,-0.18276528,0.13652802,0.18915522,0.98132426,-0.03528229,-0.1275284,0.06017663,0.99001944
1576129998698,0.6269226,-0.24645996,10.15036,-0.12297058,0.16056824,-0.16062927,-0.011816243,0.011768341,-0.0073269764,0.9736808,-0.1820799,0.1371792,0.18842115,0.98148835,-0.034640573,-0.12833096,0.05957558,0.9899521
1576129998715,0.77049255,-0.122039795,9.985245,-0.12478638,0.023117065,-0.101989746,-0.011699339,0.011749899,-0.0073488657,0.97370684,-0.18180592,0.13735758,0.18811096,0.98156005,-0.034295533,-0.12858808,0.05923152,0.98993933
1576129998717,0.79441833,-0.114852905,10.001999,-0.13578796,-0.057510376,-0.07633972,-0.011678177,0.011747988,-0.0073527177,0.97372305,-0.18175574,0.13730928,0.18804456,0.9815762,-0.034196142,-0.12856267,0.05911709,0.98994946
1576129998734,1.0241241,-0.117248535,10.1527405,-0.12541199,-0.23893738,-0.028701782,-0.011508665,0.011739161,-0.007380977,0.9738621,-0.18168183,0.13641888,0.18786266,0.9816256,-0.03377837,-0.12777382,0.058522742,0.990087
1576129998752,0.43310547,-0.15553284,10.291534,-0.006286621,0.024337769,-0.0024414062,-0.011327545,0.011732697,-0.007390216,0.97393274,-0.18163984,0.13596952,0.18777938,0.9816453,-0.033667713,-0.12735695,0.058321614,0.9901526
1576129998765,-0.026321411,-0.25842285,10.710281,0.11465454,0.34931946,0.12890625,-0.011230299,0.01172002,-0.0073700375,0.9737431,-0.18190168,0.1369748,0.1881155,0.9815777,-0.033763442,-0.1283083,0.058643255,0.9900108
1576129998765,-0.026321411,-0.25842285,10.710281,0.11465454,0.34931946,0.12890625,-0.011230299,0.01172002,-0.0073700375,0.9737431,-0.18190168,0.1369748,0.1881155,0.9815777,-0.033763442,-0.1283083,0.058643255,0.9900108
1576129998786,0.23449707,-0.23928833,10.719849,0.2313385,0.29129028,0.31765747,-0.011173373,0.011692042,-0.0072848382,0.9728305,-0.18392281,0.14070936,0.19052784,0.9810729,-0.03488617,-0.13162825,0.06074661,0.9894479
1576129998801,0.6029968,-0.275177,10.226929,0.22706604,0.039611816,0.35003662,-0.01110768,0.011669136,-0.0072227777,0.9722651,-0.18594126,0.14195937,0.19282727,0.9805732,-0.03627374,-0.13245523,0.06264054,0.98921937
1576129998815,0.7657013,-0.2632141,9.817749,0.09449768,-0.085617065,0.30789185,-0.011004343,0.011645756,-0.007215889,0.971962,-0.18759434,0.14185993,0.19461174,0.9801859,-0.037199423,-0.13206914,0.06376321,0.9891994
1576129998831,1.0983124,-0.27757263,9.693329,-0.083862305,-0.056900024,0.22541809,-0.010868,0.0116186775,-0.0072634323,0.9717979,-0.1886834,0.14154008,0.19569455,0.97996885,-0.03723975,-0.13167678,0.06388732,0.98924375
1576129998833,1.2418823,-0.26560974,9.657425,-0.083862305,-0.056900024,0.22541809,-0.010840962,0.011613968,-0.0072742356,0.9717979,-0.1886834,0.14154008,0.19569455,0.97996885,-0.03723975,-0.13167678,0.06388732,0.98924375
