1576134868955,0.01675415,0.1986084,10.17189,-0.07467651,0.08126831,0.3018036,-0.013795798,0.031325027,-0.003430698,0.99984795,0.0071205855,-0.017324807,-0.007499106,0.9997584,-0.021878876,0.017164087,0.022004722,0.99962926
1576134868969,0.093322754,0.22970581,10.265213,-0.06794739,0.09043884,0.34516907,-0.01377135,0.03137171,-0.0034285951,0.9998687,0.005169965,-0.016804112,-0.0055300803,0.99978036,-0.02145139,0.016688783,0.021540763,0.99964744
1576134868975,0.112457275,0.22970581,10.210175,-0.066726685,0.09043884,0.34822083,-0.01376206,0.031388987,-0.003426375,0.9998716,0.004856052,-0.016722018,-0.005213431,0.99978334,-0.021391489,0.016613781,0.021475185,0.9996501
1576134868986,0.1603241,0.25842285,10.279572,-0.08566284,0.09288025,0.35739136,-0.013732638,0.031433534,-0.0034192093,0.9998853,0.0032271552,-0.01628998,-0.0035697797,0.99979794,-0.021044493,0.016218048,0.021099502,0.9996646
1576134869001,-0.0143585205,0.3062744,10.365707,-0.13024902,0.06661987,0.36288452,-0.013695733,0.031493798,-0.003404805,0.9998973,0.0011906239,-0.015824357,-0.0015137552,0.9998161,-0.020420546,0.015796416,0.02044169,0.99968517
1576134869019,0.01675415,0.29910278,10.3537445,-0.1828003,-0.036621094,0.35005188,-0.013668859,0.031568397,-0.003378291,0.99989855,-0.0012870614,-0.015745461,0.0009831894,0.9998394,-0.01928888,0.015767032,0.019270755,0.99970895
1576134869034,0.033493042,0.34934998,10.140778,-0.1876831,-0.089767456,0.29873657,-0.013644719,0.03163335,-0.0033588903,0.9998879,-0.0030658252,-0.016164793,0.002770924,0.99985594,-0.018232008,0.01621761,0.018184518,0.9997222
1576134869034,0.033493042,0.34934998,10.140778,-0.1876831,-0.089767456,0.29873657,-0.013644719,0.03163335,-0.0033588903,0.9998879,-0.0030658252,-0.016164793,0.002770924,0.99985594,-0.018232008,0.01621761,0.018184518,0.9997222
1576134869050,0.124420166,0.44984436,9.9756775,-0.16752625,-0.048217773,0.27552795,-0.0136112645,0.03171987,-0.0033642745,0.9998746,-0.0047008283,-0.01659949,0.0044154455,0.9998687,-0.017185176,0.016677326,0.017109098,0.9997337
1576134869067,0.117248535,0.48095703,10.001999,-0.14369202,-0.000579834,0.290802,-0.013575027,0.031805187,-0.0033883918,0.999866,-0.0060645356,-0.016679864,0.005790247,0.99987435,-0.016441906,0.016776707,0.016342517,0.9997449
1576134869090,0.071777344,0.42352295,10.097717,-0.083221436,0.04156494,0.2956848,-0.01352187,0.03194,-0.0034166237,0.9998522,-0.008395778,-0.016511982,0.008138684,0.9998722,-0.0155748045,0.016639858,0.015437541,0.99976146
1576134869090,0.090927124,0.42591858,10.0785675,-0.083221436,0.04156494,0.2956848,-0.0135162845,0.031954594,-0.0034188337,0.9998522,-0.008395778,-0.016511982,0.008138684,0.9998722,-0.0155748045,0.016639858,0.015437541,0.99976146
1576134869111,0.06700134,0.5814514,10.066605,-0.09237671,0.11793518,0.29019165,-0.013471029,0.032078102,-0.003441261,0.99984354,-0.010207805,-0.016026972,0.009966941,0.9998641,-0.015035994,0.016177515,0.014873345,0.9997777
1576134869124,0.071777344,0.55992126,10.157532,-0.10032654,0.14297485,0.2932434,-0.013444535,0.03216461,-0.0034553995,0.9998394,-0.011425005,-0.015457422,0.011199075,0.9998572,-0.014623607,0.015621539,0.014447604,0.9997928
1576134869140,0.13877869,0.47616577,10.29393,-0.070388794,0.067214966,0.25230408,-0.013404532,0.032283742,-0.0034569562,0.99983025,-0.012869371,-0.014908223,0.012658588,0.99984676,-0.014146936,0.015087269,0.0139552895,0.9998081
1576134869143,0.13400269,0.46180725,10.246063,-0.06489563,0.05683899,0.24559021,-0.013398222,0.032299954,-0.0034554948,0.99982876,-0.013026747,-0.014872198,0.012817104,0.9998453,-0.01410472,0.015052905,0.01391116,0.9998092
1576134869152,0.1483612,0.55992126,10.112076,-0.050842285,0.026901245,0.21383667,-0.013371723,0.032363664,-0.0034506612,0.99982166,-0.013668434,-0.014770252,0.013462521,0.99983907,-0.013950966,0.014957835,0.013749114,0.99981284
1576134869174,0.0382843,0.52163696,10.291534,-0.0728302,-0.04699707,0.18267822,-0.013319113,0.03251853,-0.0034524335,0.9998081,-0.014573945,-0.014819722,0.014371969,0.9998307,-0.013644628,0.0150153395,0.013428514,0.9998163
1576134869184,0.0765686,0.45463562,10.308273,-0.06550598,-0.06593323,0.16740417,-0.013299737,0.032585934,-0.003444932,0.999803,-0.01482583,-0.014908461,0.014624153,0.99982846,-0.013546306,0.0151060065,0.013325113,0.9998163
1576134869201,0.105285645,0.5288086,10.136002,-0.0728302,-0.08364868,0.14541626,-0.013262142,0.032696508,-0.0034331859,0.9997919,-0.015303892,-0.015163897,0.01510192,0.99982405,-0.013344944,0.01536472,0.01311267,0.9998152
1576134869201,0.105285645,0.5288086,10.136002,-0.0728302,-0.08364868,0.14541626,-0.013262142,0.032696508,-0.0034331859,0.9997919,-0.015303892,-0.015163897,0.01510192,0.99982405,-0.013344944,0.01536472,0.01311267,0.9998152
1576134869222,0.07417297,0.67477417,10.162323,-0.09849548,-0.040893555,0.1771698,-0.0132122105,0.032833394,-0.0034343794,0.9997788,-0.015907176,-0.015397488,0.01570747,0.9998192,-0.013005143,0.015600834,0.012759928,0.9998161
1576134869240,0.08135986,0.72262573,10.179062,-0.09300232,-0.06715393,0.20405579,-0.01317253,0.03296915,-0.003438523,0.99976295,-0.016671458,-0.015616685,0.016475078,0.99981177,-0.012620605,0.015823403,0.012359858,0.9998176
1576134869254,0.03111267,0.8614197,10.02832,-0.06916809,-0.052505493,0.1918335,-0.01314125,0.03309796,-0.0034446353,0.9997486,-0.017326402,-0.015827997,0.017131507,0.99980384,-0.012367197,0.016038422,0.012092467,0.99981743
1576134869254,0.03111267,0.8614197,10.02832,-0.06916809,-0.052505493,0.1918335,-0.01314125,0.03309796,-0.0034446353,0.9997486,-0.017326402,-0.015827997,0.017131507,0.99980384,-0.012367197,0.016038422,0.012092467,0.99981743
1576134869273,0.071777344,1.105484,9.958923,-0.060012817,-0.012191772,0.15762329,-0.013105394,0.03329948,-0.0034728355,0.9997353,-0.017960614,-0.015960049,0.017767917,0.99979544,-0.012135047,0.016173989,0.011847803,0.9998182
1576134869288,0.0047912598,1.2945099,10.004395,-0.030075073,0.04522705,0.15396118,-0.013076805,0.033479106,-0.0035020274,0.99972963,-0.018323384,-0.0159118,0.018133003,0.99979013,-0.012028281,0.016128112,0.0117360465,0.99982023
1576134869304,-0.04307556,1.4883423,10.040283,0.008392334,0.08432007,0.17350769,-0.013053247,0.03368735,-0.00352939,0.99972445,-0.01877257,-0.015716035,0.018584834,0.999782,-0.012008292,0.015937293,0.011712449,0.9998236
1576134869319,-0.033493042,1.5720825,10.025925,0.044448853,0.07272339,0.16496277,-0.013036786,0.033922058,-0.003552927,0.9997178,-0.019358082,-0.015433518,0.019172214,0.9997698,-0.0121023115,0.015663514,0.011802541,0.9998268
1576134869321,-0.0047912598,1.5912323,10.021149,0.044448853,0.07272339,0.16496277,-0.013034219,0.033962823,-0.0035567658,0.9997178,-0.019358082,-0.015433518,0.019172214,0.9997698,-0.0121023115,0.015663514,0.011802541,0.9998268
1576134869338,-0.01675415,1.6366882,10.052246,0.077423096,0.050735474,0.11425781,-0.013011853,0.034257855,-0.0035814971,0.9997126,-0.019753968,-0.015265668,0.019567428,0.99976003,-0.01227465,0.015503755,0.011971947,0.9998273
1576134869356,-0.052642822,1.586441,10.092926,0.09881592,0.067840576,0.075164795,-0.012993555,0.034561608,-0.003602047,0.9997104,-0.019979281,-0.015115858,0.01979107,0.99975276,-0.012501057,0.015361167,0.0121978065,0.99982685
1576134869369,-0.009567261,1.552948,10.143173,0.09269714,0.07028198,0.04827881,-0.012981148,0.034775842,-0.003613711,0.9997102,-0.020080812,-0.014993371,0.019891696,0.9997488,-0.01265873,0.015243089,0.012356341,0.9998268
1576134869386,-0.050247192,1.4979095,10.284348,0.07192993,0.0110321045,0.00491333,-0.012962103,0.03506889,-0.0036169286,0.9997105,-0.02012513,-0.014914998,0.019934965,0.9997462,-0.012791985,0.015167941,0.012490469,0.99982625
1576134869389,-0.055038452,1.4907227,10.301102,0.07009888,-0.0018157959,-0.0024108887,-0.012959662,0.03510991,-0.0036157032,0.9997105,-0.020124894,-0.014915068,0.019934544,0.999746,-0.012804146,0.015168251,0.012502631,0.9998261
1576134869405,0.011962891,1.4763641,10.19104,0.05909729,-0.09098816,-0.034179688,-0.012940393,0.03539333,-0.0036040712,0.9997097,-0.020084204,-0.015019632,0.01989077,0.99974537,-0.012920311,0.015274587,0.012617324,0.999823
1576134869419,0.052642822,1.2969055,10.092926,0.056655884,-0.11846924,-0.041503906,-0.012918219,0.035628095,-0.0036030288,0.9997084,-0.02002314,-0.015193906,0.019826028,0.9997454,-0.013015644,0.015449931,0.012710125,0.9998191
1576134869436,0.25602722,0.78245544,10.246063,0.073150635,-0.13618469,-0.076934814,-0.012884915,0.035835553,-0.0036079653,0.9997067,-0.019893568,-0.015477908,0.019690419,0.9997461,-0.013169719,0.015735243,0.012860596,0.9998127
1576134869438,0.2679901,0.6963043,10.262817,0.07803345,-0.15634155,-0.101989746,-0.012877285,0.035864536,-0.0036078,0.99970627,-0.01980277,-0.015622591,0.019596536,0.9997469,-0.013246532,0.015880222,0.012935995,0.9998095
1576134869454,0.3134613,0.5120697,10.25325,0.05543518,-0.21192932,-0.14901733,-0.012811387,0.036027472,-0.003599404,0.9997047,-0.019319782,-0.016316507,0.019100273,0.9997532,-0.013504821,0.016572634,0.013188678,0.99979496
1576134869472,0.34217834,0.3397827,10.155136,0.009613037,-0.1862793,-0.12580872,-0.012735457,0.036147352,-0.003590182,0.9997015,-0.01871003,-0.017203486,0.018476209,0.99976295,-0.013653044,0.01745407,0.013330604,0.99977815
1576134869487,0.38523865,0.23210144,10.126419,-0.031295776,-0.12886047,-0.08425903,-0.01266381,0.03622515,-0.0035906245,0.9996994,-0.018433884,-0.017617896,0.0181951,0.9997686,-0.013620567,0.017864102,0.013295406,0.9997714
1576134869487,0.38523865,0.23210144,10.126419,-0.031295776,-0.12886047,-0.08425903,-0.01266381,0.03622515,-0.0035906245,0.9996994,-0.018433884,-0.017617896,0.0181951,0.9997686,-0.013620567,0.017864102,0.013295406,0.9997714
1576134869506,0.31106567,0.15792847,10.092926,-0.035568237,-0.09831238,-0.03967285,-0.012565484,0.036303572,-0.0036017268,0.99969727,-0.018281693,-0.01789919,0.01804099,0.9997726,-0.013519454,0.018141473,0.0131919375,0.99976784
1576134869522,0.25602722,0.1531372,10.04747,0.007797241,-0.05555725,-0.018920898,-0.012497067,0.036351014,-0.003613844,0.9996964,-0.018245788,-0.017996263,0.018004032,0.99977344,-0.013506791,0.01823782,0.013178179,0.9997663
1576134869539,0.1603241,0.13160706,10.085754,0.03466797,0.0055236816,-0.003036499,-0.012428319,0.03640468,-0.0036342228,0.9996962,-0.018239483,-0.018009426,0.017997252,0.99977326,-0.013523285,0.018251196,0.013194551,0.99976575
1576134869553,0.13639832,0.15792847,10.162323,0.04750061,0.03302002,-0.0024108887,-0.01238735,0.03644165,-0.0036449996,0.99969643,-0.018238885,-0.017993981,0.017996393,0.9997729,-0.013548803,0.018236207,0.013220358,0.99976575
1576134869555,0.13160706,0.1483612,10.188644,0.05543518,0.035461426,-0.009140015,-0.0123724975,0.036456577,-0.0036473142,0.9996968,-0.018236151,-0.017977156,0.01799343,0.99977255,-0.013573559,0.018219795,0.013245465,0.99976575
1576134869573,0.08135986,0.1603241,10.241287,0.05482483,0.03729248,-0.032333374,-0.012325882,0.03650888,-0.0036468005,0.9996981,-0.018212404,-0.017936911,0.017969053,0.9997722,-0.013637389,0.018180398,0.013310451,0.99976575
1576134869588,0.13160706,0.22253418,10.19104,0.032836914,0.062332153,-0.056777954,-0.012289177,0.036555316,-0.0036411728,0.9996999,-0.018164665,-0.017880721,0.01792128,0.9997724,-0.013680381,0.018124355,0.0133553175,0.9997662
1576134869605,0.112457275,0.32063293,10.255646,-0.011749268,0.062942505,-0.07022095,-0.012245604,0.036620118,-0.0036346265,0.9997039,-0.018052556,-0.017772796,0.017810492,0.99977434,-0.013686652,0.01801507,0.013365543,0.999768
1576134869605,0.112457275,0.32063293,10.255646,-0.011749268,0.062942505,-0.07022095,-0.012245604,0.036620118,-0.0036346265,0.9997039,-0.018052556,-0.017772796,0.017810492,0.99977434,-0.013686652,0.01801507,0.013365543,0.999768
1576134869622,0.13160706,0.38523865,10.238892,-0.019683838,0.04034424,-0.05860901,-0.01220184,0.036700066,-0.0036212387,0.999707,-0.017957514,-0.017692987,0.017717022,0.9997764,-0.013658079,0.017933503,0.013340098,0.99976987
1576134869637,0.1531372,0.43788147,10.19104,-0.023361206,0.0043029785,-0.043945312,-0.0121619105,0.03677804,-0.0036112908,0.99970806,-0.017913762,-0.017674128,0.017673895,0.99977756,-0.0136371525,0.017913694,0.013320289,0.99977046
1576134869653,0.117248535,0.4857483,10.195816,-0.019088745,-0.019515991,-0.043945312,-0.01211932,0.036862306,-0.0036053401,0.99970835,-0.017884327,-0.01768162,0.017644627,0.99977833,-0.013622083,0.017920528,0.013305613,0.9997705
1576134869669,0.117248535,0.48812866,10.145569,-0.020309448,-0.026229858,-0.053726196,-0.012074407,0.036967155,-0.0036033266,0.99970883,-0.017839126,-0.017704885,0.017599422,0.99977964,-0.013604606,0.017942876,0.013288537,0.99977046
1576134869669,0.117248535,0.48812866,10.145569,-0.020309448,-0.026229858,-0.053726196,-0.012074407,0.036967155,-0.0036033266,0.99970883,-0.017839126,-0.017704885,0.017599422,0.99977964,-0.013604606,0.017942876,0.013288537,0.99977046
1576134869687,0.14596558,0.48812866,10.198212,-0.030075073,-0.018295288,-0.081207275,-0.012028029,0.03707509,-0.0036034235,0.9997099,-0.017746909,-0.017738845,0.017507369,0.9997817,-0.013570012,0.017974995,0.013255004,0.9997703
1576134869706,0.18664551,0.5048828,10.126419,-0.062454224,-0.016448975,-0.085494995,-0.01197603,0.037182804,-0.0036034277,0.99971265,-0.017565543,-0.017765313,0.017327417,0.9997863,-0.013471268,0.017997343,0.013159061,0.9997711
1576134869720,0.2033844,0.5359955,10.155136,-0.06550598,-0.04272461,-0.06654358,-0.011927381,0.037278906,-0.003607476,0.99971366,-0.017467285,-0.01780591,0.017230192,0.9997892,-0.013384068,0.01803513,0.013072931,0.99977154
1576134869739,0.26081848,0.46899414,10.198212,-0.020904541,-0.100753784,-0.056167603,-0.011856361,0.037409104,-0.003605757,0.9997128,-0.017341482,-0.017974995,0.01710383,0.99979264,-0.013292813,0.01820097,0.0129810525,0.99976975
1576134869739,0.26081848,0.46899414,10.198212,-0.020904541,-0.100753784,-0.056167603,-0.011856361,0.037409104,-0.003605757,0.9997128,-0.017341482,-0.017974995,0.01710383,0.99979264,-0.013292813,0.01820097,0.0129810525,0.99976975
1576134869755,0.23449707,0.46420288,10.21257,-0.013580322,-0.14411926,-0.06410217,-0.01179767,0.037503444,-0.0036007669,0.99971026,-0.017212903,-0.01823913,0.01697224,0.99979514,-0.013269761,0.01846298,0.012955857,0.9997653
1576134869773,0.22732544,0.41635132,10.222137,-0.027023315,-0.15390015,-0.061050415,-0.011731619,0.03760959,-0.003594383,0.999705,-0.017026057,-0.01869772,0.016780475,0.99979913,-0.013214644,0.018918114,0.012896492,0.99975747
1576134869788,0.21057129,0.42591858,10.21257,-0.050842285,-0.11175537,-0.05189514,-0.011678449,0.03769495,-0.003589894,0.99970174,-0.016908035,-0.018975798,0.016660322,0.9998022,-0.013138302,0.01919333,0.012817747,0.9997533
1576134869792,0.20578003,0.39959717,10.243668,-0.06367493,-0.10443115,-0.05555725,-0.0116607575,0.037722915,-0.003588517,0.999701,-0.016870787,-0.01904644,0.016622903,0.9998033,-0.013100011,0.019262845,0.012778996,0.99975246
1576134869805,0.22253418,0.32063293,10.375275,-0.09300232,-0.124572754,-0.08364868,-0.011616321,0.037789464,-0.0035802291,0.99969906,-0.016725339,-0.019274902,0.016477594,0.9998078,-0.012942292,0.019486796,0.012620306,0.99975014
1576134869822,0.26560974,0.3397827,10.403992,-0.1204834,-0.19483948,-0.12031555,-0.0115530705,0.037875123,-0.003551205,0.9996937,-0.016300898,-0.01991584,0.01605335,0.99981993,-0.012528084,0.020115592,0.012204054,0.99974287
1576134869838,0.34217834,0.31585693,10.37767,-0.15408325,-0.34020996,-0.13496399,-0.011482972,0.037959322,-0.003515287,0.9996714,-0.015513775,-0.021598198,0.015263137,0.99984217,-0.011722376,0.021775708,0.011388416,0.9997177
1576134869838,0.34217834,0.31585693,10.37767,-0.15408325,-0.34020996,-0.13496399,-0.011482972,0.037959322,-0.003515287,0.9996714,-0.015513775,-0.021598198,0.015263137,0.99984217,-0.011722376,0.021775708,0.011388416,0.9997177
1576134869856,0.4857483,0.24406433,10.327423,-0.14675903,-0.3835907,-0.12641907,-0.011398946,0.038037524,-0.003482516,0.9996221,-0.014509691,-0.024404634,0.014253644,0.99986947,-0.010633936,0.024554709,0.010281647,0.99966556
1576134869872,0.4139557,0.1603241,10.54277,-0.10093689,-0.29135132,-0.12335205,-0.011312779,0.03809592,-0.003451741,0.9995821,-0.013758415,-0.026401576,0.013499989,0.9998871,-0.009942289,0.026534282,0.009581319,0.999622
1576134869890,0.47616577,0.100494385,11.002197,0.006576538,0.0446167,-0.09220886,-0.011202093,0.038159445,-0.0033660964,0.9995732,-0.01337305,-0.026936457,0.013114216,0.9998941,-0.009763482,0.02706305,0.009405674,0.9996094
1576134869903,0.32781982,0.1268158,11.349152,0.04260254,0.20100403,-0.08425903,-0.011130683,0.03819266,-0.0032727194,0.99958736,-0.013140769,-0.026518563,0.0128835095,0.9998962,-0.009849261,0.026644127,0.009503152,0.9996198
1576134869905,0.29670715,0.112457275,11.394623,0.04260254,0.20100403,-0.08425903,-0.011117374,0.03819919,-0.0032496778,0.99958736,-0.013140769,-0.026518563,0.0128835095,0.9998962,-0.009849261,0.026644127,0.009503152,0.9996198
1576134869923,0.23928833,0.04067993,11.58844,0.025497437,0.19734192,-0.057998657,-0.011039661,0.03824201,-0.0030507962,0.9996123,-0.012877105,-0.025700534,0.01262393,0.99989814,-0.009989454,0.025825467,0.009660743,0.99963987
1576134869940,0.27757263,0.052642822,11.313263,-0.07772827,0.13748169,-0.05128479,-0.010974597,0.03827763,-0.002824414,0.9996274,-0.012710524,-0.025195668,0.012464234,0.999901,-0.009908518,0.025318043,0.009590386,0.99965364
1576134869954,0.050247192,0.102890015,11.46402,-0.17607117,0.12831116,-0.040893555,-0.010925915,0.03830972,-0.0026368836,0.9996384,-0.012564123,-0.024833491,0.012331761,0.99990684,-0.009488228,0.024949322,0.009178174,0.9996668
1576134869957,0.035888672,0.1268158,11.449661,-0.1864624,0.1277008,-0.036621094,-0.010919221,0.03831555,-0.002605188,0.9996404,-0.012540787,-0.02476257,0.012311719,0.9999081,-0.00938182,0.024876885,0.009073199,0.9996696
1576134869973,0.035888672,0.16270447,11.487946,-0.2206726,0.070892334,-0.023803711,-0.010884693,0.038354587,-0.0024156366,0.9996528,-0.012408224,-0.024326934,0.012204851,0.9999175,-0.008490943,0.024429228,0.00819074,0.9996883
1576134869990,0.062210083,0.13639832,11.231903,-0.19744873,0.036071777,-0.03111267,-0.010850032,0.03840416,-0.002200433,0.9996574,-0.012306421,-0.024191922,0.01212054,0.9999241,-0.007815372,0.024285212,0.0075191474,0.9996971
1576134870003,0.086135864,0.1603241,10.947159,-0.17118835,0.14297485,-0.032333374,-0.010819618,0.038446605,-0.0020445015,0.99966604,-0.012171877,-0.023898507,0.012003606,0.99993026,-0.0071720206,0.023983099,0.0068824515,0.999709
1576134870020,0.098098755,0.17228699,10.884949,-0.18034363,0.26696777,-0.025024414,-0.010785196,0.038490787,-0.0019217294,0.9996856,-0.012059933,-0.023127079,0.01191146,0.9999356,-0.0065470394,0.023203535,0.0062692175,0.9997315
1576134870023,0.071777344,0.19142151,10.901703,-0.184021,0.28651428,-0.022583008,-0.0107792085,0.03849856,-0.0019028981,0.9996914,-0.012037316,-0.022887325,0.011893975,0.9999369,-0.0063889343,0.022961782,0.00611446,0.99973804
1576134870039,-0.04067993,0.20100403,11.15773,-0.20539856,0.29263306,-0.012191772,-0.0107439095,0.038554188,-0.0017657513,0.9997352,-0.011911361,-0.020953977,0.011806876,0.9999454,-0.005103012,0.021012671,0.0048540216,0.9997878
1576134870054,-0.07896423,0.20817566,11.2534485,-0.18829346,0.12159729,-0.008529663,-0.010725063,0.03860414,-0.0016243923,0.9997567,-0.011843511,-0.019940823,0.011763785,0.99995047,-0.0041105803,0.019987607,0.0038747962,0.9998133
1576134870073,0.01914978,0.16989136,10.923233,-0.17974854,0.034851074,-0.028671265,-0.0107046,0.038670246,-0.0014321491,0.9997611,-0.011769332,-0.019759718,0.011701953,0.99995345,-0.0035219276,0.01979934,0.0032896742,0.9998191
1576134870087,0.06939697,0.0765686,10.935196,-0.20478821,0.07699585,-0.06349182,-0.010683156,0.038715485,-0.001314505,0.9997663,-0.011613668,-0.019589102,0.011558676,0.99995714,-0.0029178546,0.019621242,0.0026905835,0.99982446
1576134870087,0.06939697,0.0765686,10.935196,-0.20478821,0.07699585,-0.06349182,-0.010683156,0.038715485,-0.001314505,0.9997663,-0.011613668,-0.019589102,0.011558676,0.99995714,-0.0029178546,0.019621242,0.0026905835,0.99982446
1576134870105,0.22732544,-0.011962891,11.133804,-0.19073486,0.11608887,-0.105041504,-0.010640223,0.03875559,-0.0011744457,0.9997789,-0.011229112,-0.019164877,0.011191626,0.9999636,-0.0020617512,0.019186437,0.0018466723,0.9998349
1576134870120,0.27757263,-0.01914978,11.105087,-0.1693573,0.1399231,-0.100753784,-0.010586912,0.038780868,-0.001041172,0.99979216,-0.010826388,-0.01870546,0.010801758,0.99996907,-0.0014168628,0.018719342,0.0012144003,0.9998448
1576134870138,0.275177,-0.107681274,11.119446,-0.17485046,0.21505737,-0.00730896,-0.010513675,0.038804263,-0.0008820893,0.9998121,-0.01054359,-0.01777061,0.010535587,0.99997276,-0.0005433835,0.01777501,0.00035596997,0.99986273
1576134870141,0.275177,-0.059814453,11.164917,-0.17485046,0.21505737,-0.00730896,-0.010503048,0.038806777,-0.00085890666,0.9998121,-0.01054359,-0.01777061,0.010535587,0.99997276,-0.0005433835,0.01777501,0.00035596997,0.99986273
1576134870157,0.1531372,-0.035888672,11.167297,-0.19622803,0.24497986,0.09593201,-0.0104347,0.038824078,-0.00068976067,0.9998304,-0.010810002,-0.016549475,0.010818931,0.9999699,0.00045075518,0.016543297,-0.0006297811,0.99988383
1576134870173,0.18902588,-0.18424988,11.282166,-0.21272278,0.18389893,0.13563538,-0.010384879,0.038835797,-0.0005419873,0.99984074,-0.011396037,-0.01550546,0.011420291,0.9999623,0.0014771109,0.0154872695,-0.0016539728,0.9998997
1576134870191,0.100494385,-0.16989136,11.145767,-0.15286255,0.13441467,0.13441467,-0.010330581,0.038832534,-0.0003592903,0.9998438,-0.012016189,-0.0148314405,0.012052274,0.9999533,0.0023463643,0.014801801,-0.0025247412,0.99990827
1576134870205,0.035888672,-0.107681274,10.810776,-0.12658691,0.23521423,0.16496277,-0.010296051,0.038830325,-0.00022156266,0.9998478,-0.012718568,-0.013951634,0.01276115,0.999943,0.0029675798,0.0139123695,-0.0031451364,0.9999193
1576134870207,-0.007171631,-0.105285645,10.868195,-0.12658691,0.23521423,0.16496277,-0.010291384,0.038830567,-0.00020225364,0.9998478,-0.012718568,-0.013951634,0.01276115,0.999943,0.0029675798,0.0139123695,-0.0031451364,0.9999193
1576134870222,-0.14596558,-0.18185425,10.9088745,-0.13575745,0.36471558,0.18023682,-0.01027266,0.03882919,-0.00009422662,0.9998581,-0.0137062995,-0.012166138,0.013752745,0.99992746,0.003742322,0.0121132955,-0.0039090523,0.99994
1576134870243,-0.2416687,-0.29193115,10.959122,-0.14797974,0.40930176,0.16435242,-0.010270055,0.038818885,0.000051025003,0.9998753,-0.015492585,-0.007864321,0.015534541,0.9998947,0.0053022355,0.0077808276,-0.0054236325,0.9999762
1576134870255,-0.24406433,-0.2632141,10.97348,-0.1400299,0.35617065,0.15762329,-0.010278524,0.038805835,0.00014710877,0.9998756,-0.016352747,-0.0058327485,0.016388385,0.99987656,0.0061160843,0.0057315635,-0.0062107746,0.9999856
1576134870258,-0.2632141,-0.275177,10.942383,-0.1400299,0.35617065,0.15762329,-0.010280633,0.038803075,0.0001667426,0.9998756,-0.016352747,-0.0058327485,0.016388385,0.99987656,0.0061160843,0.0057315635,-0.0062107746,0.9999856
1576134870275,-0.21774292,-0.28474426,10.719849,-0.14675903,0.30361938,0.17228699,-0.010298095,0.038780544,0.0002907935,0.9998656,-0.017573906,-0.0035326572,0.017598998,0.9998489,0.0072068004,0.0034051011,-0.0072678304,0.999989
1576134870289,-0.28234863,-0.40438843,10.571487,-0.19317627,0.34638977,0.18206787,-0.010311779,0.038754642,0.00037056507,0.99985385,-0.018482389,-0.0018547913,0.018496836,0.9998259,0.0081113735,0.0017042393,-0.008144294,0.9999866
1576134870309,-0.35414124,-0.44984436,10.671997,-0.28053284,0.43069458,0.17289734,-0.010337717,0.03870773,0.00045994527,0.99981105,-0.020581633,0.0026559772,0.020551385,0.9997587,0.010950999,-0.002880877,-0.010894049,0.9999577
1576134870309,-0.35414124,-0.44984436,10.671997,-0.28053284,0.43069458,0.17289734,-0.010337717,0.03870773,0.00045994527,0.99981105,-0.020581633,0.0026559772,0.020551385,0.9997587,0.010950999,-0.002880877,-0.010894049,0.9999577
1576134870324,-0.47616577,-0.4785614,10.861023,-0.31169128,0.35188293,0.13624573,-0.010370186,0.038663704,0.0005387679,0.9997742,-0.02175368,0.0055762567,0.021677691,0.99970603,0.013344831,-0.0058649625,-0.013220557,0.9999166
1576134870341,-0.5120697,-0.550354,10.626526,-0.2695465,0.33355713,0.12037659,-0.010423624,0.038607102,0.0006403838,0.9997345,-0.022742283,0.008165354,0.022612004,0.999651,0.01570955,-0.008519728,-0.015520282,0.9998645
1576134870359,-0.5024872,-0.6197357,10.485352,-0.21150208,0.42030334,0.1435852,-0.010482973,0.038539916,0.00072118803,0.99968225,-0.023803394,0.011055786,0.0236061,0.9995956,0.017647732,-0.01147124,-0.017380605,0.9998042
1576134870371,-0.5766754,-0.6316986,10.365707,-0.2011261,0.53697205,0.16496277,-0.010526749,0.038484287,0.000761832,0.99961346,-0.024885492,0.01439456,0.024608552,0.9995446,0.019108824,-0.0148632685,-0.01874662,0.99973476
1576134870374,-0.5742798,-0.62213135,10.360916,-0.20295715,0.55407715,0.16740417,-0.010536048,0.038472857,0.00076822576,0.9995946,-0.025143765,0.015226617,0.024846058,0.99953234,0.019437177,-0.015707921,-0.019050378,0.9997161
1576134870388,-0.6652069,-0.6269226,10.461426,-0.22494507,0.60235596,0.17840576,-0.010599702,0.038404707,0.0008034896,0.9994466,-0.02688883,0.020897515,0.026435494,0.9994454,0.021677138,-0.021468287,-0.02111204,0.9995676
1576134870407,-0.72502136,-0.68673706,10.339386,-0.24449158,0.6109009,0.1594696,-0.010700081,0.03830805,0.0008556109,0.9992177,-0.02892175,0.027935904,0.02823646,0.9993278,0.02462334,-0.028628506,-0.023814509,0.99932754
1576134870422,-0.80877686,-0.6699829,10.238892,-0.27687073,0.5937958,0.13807678,-0.010786487,0.038230628,0.00088102854,0.9989884,-0.030460743,0.033873662,0.0295367,0.9992163,0.027454969,-0.034682445,-0.026425825,0.99907
1576134870439,-0.8374939,-0.6388855,10.052246,-0.24998474,0.61395264,0.12097168,-0.010896788,0.038141172,0.00088911504,0.99868006,-0.032059677,0.04078755,0.030815955,0.9990812,0.030766562,-0.041735236,-0.029468086,0.998715
1576134870439,-0.8374939,-0.6388855,10.052246,-0.24998474,0.61395264,0.12097168,-0.010896788,0.038141172,0.00088911504,0.99868006,-0.032059677,0.04078755,0.030815955,0.9990812,0.030766562,-0.041735236,-0.029468086,0.998715
1576134870454,-0.85902405,-0.68434143,9.872787,-0.20173645,0.6255646,0.1264801,-0.010996823,0.0380664,0.00087363773,0.99836904,-0.033378802,0.04688994,0.031840783,0.9989722,0.033175413,-0.047947675,-0.031627253,0.99836993
1576134870474,-0.9068756,-0.7417755,9.645462,-0.17912292,0.62127686,0.13685608,-0.011134464,0.03796179,0.00081569253,0.99780893,-0.03551758,0.056299157,0.033511,0.99881274,0.03619586,-0.057516158,-0.03422876,0.99777836
1576134870488,-0.93559265,-0.7346039,9.607178,-0.17974854,0.57484436,0.14051819,-0.011225624,0.03789131,0.0007596993,0.9975611,-0.03645838,0.059973195,0.034249824,0.9987413,0.03745296,-0.061261307,-0.03530635,0.9975178
1576134870490,-0.95951843,-0.7417755,9.580856,-0.17912292,0.5614166,0.1429596,-0.011244351,0.037877087,0.00074728345,0.9974416,-0.03692063,0.061654706,0.034615245,0.99870604,0.0380532,-0.06297795,-0.03582044,0.9973926
1576134870507,-1.1557312,-0.73698425,9.401398,-0.17852783,0.524765,0.1594696,-0.011389096,0.03777607,0.00064363057,0.99703175,-0.038583834,0.06703397,0.03595028,0.9985803,0.040061746,-0.06848243,-0.03753166,0.99696666
1576134870524,-1.1174469,-0.8183441,9.202789,-0.17240906,0.5003357,0.15396118,-0.01155314,0.037670285,0.00051152316,0.99668264,-0.040019095,0.071253836,0.037110858,0.99847144,0.041684754,-0.07281084,-0.03890084,0.9966074
1576134870538,-1.174881,-0.9308014,9.066406,-0.16386414,0.4685669,0.1252594,-0.011695834,0.037570186,0.00037263322,0.99636567,-0.041180175,0.07493221,0.038019307,0.998376,0.043134533,-0.07658438,-0.040127516,0.996276
1576134870556,-1.2322998,-0.90448,8.918045,-0.18096924,0.44107056,0.08616638,-0.011872274,0.037442055,0.0001817676,0.99596,-0.042371377,0.07952158,0.038876418,0.998261,0.044998143,-0.08128727,-0.041723397,0.9958379
1576134870556,-1.2322998,-0.90448,8.918045,-0.18096924,0.44107056,0.08616638,-0.011872274,0.037442055,0.0001817676,0.99596,-0.042371377,0.07952158,0.038876418,0.998261,0.044998143,-0.08128727,-0.041723397,0.9958379
1576134870571,-1.421341,-0.8757782,9.023331,-0.16996765,0.3555603,0.06965637,-0.01203537,0.037332054,0.000007768391,0.995772,-0.04285125,0.08159111,0.039182186,0.998201,0.04605424,-0.08341506,-0.042661127,0.99562234
1576134870590,-1.3208313,-0.7848511,8.705093,-0.11987305,0.25170898,0.08248901,-0.012242893,0.037207957,-0.00020227037,0.9955914,-0.043420006,0.083473615,0.039585497,0.99813837,0.04705871,-0.0853587,-0.043545373,0.99541944
1576134870607,-1.4691925,-0.7800598,8.432312,-0.0740509,0.27430725,0.12159729,-0.012451292,0.037093192,-0.00045252455,0.99547976,-0.04389846,0.084549025,0.03997803,0.998101,0.047519732,-0.08647165,-0.043923277,0.9953069
1576134870611,-1.4620209,-0.7920227,8.341385,-0.042907715,0.3372345,0.1423645,-0.012513493,0.037061375,-0.00053226604,0.99539465,-0.04426112,0.085358866,0.040290862,0.9980803,0.047690503,-0.08730294,-0.04403013,0.99522966
1576134870626,-1.552948,-0.82073975,8.283951,-0.004425049,0.44717407,0.14785767,-0.012705059,0.036965106,-0.0007925465,0.99512494,-0.045220632,0.087960765,0.041118026,0.99803627,0.047910072,-0.08995156,-0.044058185,0.99499255
1576134870637,-1.5601196,-0.83509827,8.288742,0.0059509277,0.46305847,0.111206055,-0.012872949,0.03688346,-0.0010221414,0.994842,-0.0459731,0.09072744,0.041741688,0.99800617,0.048000775,-0.092750184,-0.043964528,0.9947396
1576134870653,-1.6510468,-0.81355286,8.415558,0.024902344,0.41481018,0.06599426,-0.013081953,0.036785003,-0.0012933319,0.9946018,-0.04641669,0.09310428,0.04208028,0.9979914,0.04801369,-0.09514269,-0.043835126,0.9945193
1576134870670,-1.6223297,-0.7680969,8.283951,0.036499023,0.32989502,0.022628784,-0.013334968,0.036672752,-0.0016068019,0.99437034,-0.04663944,0.095435224,0.042212795,0.9979916,0.04789173,-0.0974739,-0.043592032,0.9943042
1576134870670,-1.6223297,-0.7680969,8.283951,0.036499023,0.32989502,0.022628784,-0.013334968,0.036672752,-0.0016068019,0.99437034,-0.04663944,0.095435224,0.042212795,0.9979916,0.04789173,-0.0974739,-0.043592032,0.9943042
1576134870688,-1.5170441,-0.81355286,8.293518,0.035888672,0.290802,0.010406494,-0.013584704,0.03656233,-0.0019297447,0.99418336,-0.046707157,0.097331665,0.042212885,0.99799913,0.04773659,-0.099363185,-0.043348785,0.9941278
1576134870705,-1.6630096,-0.7680969,8.4179535,0.04260254,0.24497986,0.026901245,-0.013830681,0.036448654,-0.002248277,0.994078,-0.046763096,0.098376416,0.042233493,0.99800307,0.047636047,-0.100404166,-0.04319767,0.9940299
1576134870722,-1.7970123,-0.76330566,8.293518,0.05482483,0.21810913,0.07699585,-0.014055062,0.036354795,-0.002515119,0.9939893,-0.04693238,0.09918868,0.04238261,0.99800354,0.04749293,-0.101216175,-0.043002095,0.9939561
1576134870723,-1.7874451,-0.7513428,8.271988,0.06765747,0.22238159,0.09164429,-0.014093947,0.036339477,-0.002560235,0.99395776,-0.047029734,0.09945803,0.04247546,0.99800277,0.04742634,-0.10148639,-0.042913765,0.9939324
1576134870742,-1.8664093,-0.6652069,8.159531,0.122024536,0.2944641,0.12709045,-0.014410242,0.03622281,-0.0029348002,0.9937906,-0.047584116,0.10085486,0.04302031,0.99800164,0.04695641,-0.10288419,-0.04232456,0.9938141
1576134870762,-2.165512,-0.5814514,8.331802,0.18678284,0.34883118,0.1423645,-0.014755587,0.036119625,-0.0033177016,0.9934778,-0.048516404,0.103459075,0.043963168,0.9980121,0.045848634,-0.10547422,-0.040999804,0.9935981
1576134870774,-2.2157593,-0.5790558,8.374878,0.21487427,0.33050537,0.1252594,-0.014995602,0.03606377,-0.003548443,0.9932582,-0.049097825,0.10527868,0.044579547,0.9980302,0.044852704,-0.10726977,-0.039855674,0.9934526
1576134870777,-2.210968,-0.6053772,8.358124,0.21670532,0.32196045,0.115478516,-0.015044911,0.03605296,-0.0035937375,0.99321854,-0.049189758,0.10560942,0.04468048,0.9980348,0.04465061,-0.1075945,-0.03962778,0.9934266
1576134870792,-2.1870422,-0.59580994,8.370087,0.17700195,0.23521423,0.03729248,-0.015343292,0.035988424,-0.003863168,0.9930444,-0.049468514,0.107106306,0.04500848,0.9980635,0.043668848,-0.10905534,-0.038543098,0.99331015
1576134870809,-2.2157593,-0.5312042,8.389236,0.07376099,0.111206055,-0.042114258,-0.015696516,0.035914797,-0.0041767647,0.9929813,-0.04939273,0.107724845,0.04495315,0.99808383,0.043261647,-0.109651424,-0.038114134,0.99326116
1576134870824,-2.1726837,-0.5144501,8.472992,0.032836914,-0.0011901855,-0.053115845,-0.01599835,0.035858035,-0.0044397796,0.99297684,-0.049318526,0.10779968,0.04488205,0.9980895,0.043203983,-0.10972066,-0.038060978,0.9932556
1576134870839,-2.1726837,-0.48335266,8.257629,0.060928345,-0.06654358,-0.017700195,-0.01629764,0.035805702,-0.0047000386,0.99298644,-0.049266364,0.107735276,0.04483947,0.9980942,0.04313728,-0.10965136,-0.03800263,0.99326545
1576134870841,-2.1631165,-0.46180725,8.212173,0.065826416,-0.06654358,-0.012191772,-0.01634718,0.035797436,-0.0047447872,0.9929882,-0.049261887,0.10772061,0.044837303,0.998095,0.043121252,-0.10963582,-0.037987687,0.9932677
1576134870858,-2.1272125,-0.46420288,7.8771667,0.081710815,-0.023788452,0.006134033,-0.016692566,0.035740435,-0.0050824415,0.99299496,-0.049252883,0.10766246,0.04484239,0.9980994,0.043013394,-0.109572574,-0.037882935,0.9932786
1576134870872,-2.165512,-0.38285828,7.5708923,0.049942017,0.028121948,-0.010971069,-0.016986474,0.035695013,-0.0054155593,0.9929939,-0.049246266,0.107675724,0.04484306,0.9981024,0.042942327,-0.10958234,-0.03781166,0.9932803
1576134870890,-2.153534,-0.46899414,7.319641,0.004135132,0.0024719238,-0.06410217,-0.01733526,0.035649545,-0.0058547384,0.99299383,-0.049209345,0.107691936,0.044807404,0.99810475,0.042923495,-0.10959629,-0.037796073,0.99327934
1576134870907,-1.9740753,-0.6197357,7.125824,-0.03251648,-0.09220886,-0.14352417,-0.017627595,0.03560084,-0.0062669646,0.9930154,-0.049001753,0.107587695,0.04459915,0.9981127,0.042956006,-0.109485775,-0.03785635,0.9932893
1576134870909,-1.935791,-0.66041565,7.1114655,-0.03678894,-0.10992432,-0.15756226,-0.017674329,0.035590984,-0.006338405,0.9930249,-0.048928015,0.10753404,0.044525392,0.9981153,0.04297139,-0.1094301,-0.037882358,0.9932944
1576134870925,-1.6630096,-0.63648987,6.7333984,-0.070388794,-0.23210144,-0.22720337,-0.017981693,0.035511225,-0.006866175,0.9931868,-0.047857065,0.10651703,0.043460403,0.99815136,0.043225087,-0.108385,-0.03829998,0.99339306
1576134870940,-1.5625153,-0.72024536,6.520447,-0.08810425,-0.29623413,-0.22904968,-0.018216725,0.035437725,-0.0073652263,0.9933646,-0.046873927,0.105290644,0.042484872,0.9981793,0.0435511,-0.107136644,-0.038787507,0.99350953
1576134870960,-1.2442627,-0.71784973,6.0969086,0.009017944,-0.3506012,-0.19483948,-0.018490283,0.035329353,-0.008080741,0.99377006,-0.04502867,0.10222659,0.040722925,0.998241,0.04382546,-0.10401657,-0.03938809,0.9938174
1576134870960,-1.2442627,-0.71784973,6.0969086,0.009017944,-0.3506012,-0.19483948,-0.018490283,0.035329353,-0.008080741,0.99377006,-0.04502867,0.10222659,0.040722925,0.998241,0.04382546,-0.10401657,-0.03938809,0.9938174
1576134870974,-1.105484,-0.6508484,5.848053,0.07376099,-0.33717346,-0.16734314,-0.018658424,0.03524646,-0.008670077,0.99397874,-0.044137724,0.100574166,0.03992436,0.99828625,0.04353004,-0.10231959,-0.03925121,0.99399894
1576134870993,-1.3136597,-0.6029968,5.728424,0.17456055,-0.23576355,-0.08364868,-0.018839765,0.035157036,-0.00940125,0.99418545,-0.043307196,0.09887772,0.039242223,0.9983495,0.042694453,-0.10056002,-0.038564686,0.9942054
1576134871007,-1.1581268,-0.73220825,5.8121643,0.18615723,-0.10197449,-0.012191772,-0.01900428,0.03508496,-0.010046264,0.9942505,-0.043089233,0.098318204,0.03911899,0.99838555,0.041960195,-0.09996404,-0.03787152,0.99429226
1576134871023,-1.0480499,-0.8805542,6.4534454,0.12934875,-0.093429565,-0.020736694,-0.019155387,0.03500204,-0.010674622,0.9942759,-0.043006994,0.09809642,0.039092265,0.9984063,0.04148796,-0.0997209,-0.037414365,0.99433404
1576134871025,-1.0408783,-0.8614197,6.6017914,0.12934875,-0.093429565,-0.020736694,-0.019178964,0.034986556,-0.010773275,0.9942759,-0.043006994,0.09809642,0.039092265,0.9984063,0.04148796,-0.0997209,-0.037414365,0.99433404
1576134871038,-1.282547,-0.8183441,7.247864,0.121398926,-0.22781372,-0.032333374,-0.01932298,0.03488813,-0.011308811,0.99433166,-0.04287898,0.097586446,0.039023556,0.99842584,0.04108151,-0.09919091,-0.037039183,0.99440104
1576134871059,-1.1772614,-0.6771698,7.475174,0.020004272,-0.5057678,-0.028076172,-0.019540725,0.034760855,-0.011903539,0.99463767,-0.042602114,0.09454191,0.038920954,0.99845576,0.040447086,-0.09611569,-0.036549266,0.99472106
1576134871073,-0.94277954,-0.31585693,7.759918,-0.042297363,-0.72384644,-0.06654358,-0.01968651,0.034693655,-0.012307246,0.9952057,-0.04217717,0.08856653,0.038717035,0.9984644,0.040431224,-0.09013268,-0.036807068,0.9952716
1576134871073,-0.94277954,-0.31585693,7.759918,-0.042297363,-0.72384644,-0.06654358,-0.01968651,0.034693655,-0.012307246,0.9952057,-0.04217717,0.08856653,0.038717035,0.9984644,0.040431224,-0.09013268,-0.036807068,0.9952716
1576134871091,-1.3399811,-0.53359985,8.848663,0.056045532,-1.0017853,-0.08610535,-0.01984718,0.0346453,-0.012701713,0.9963916,-0.040864453,0.07477545,0.037950512,0.998512,0.039985385,-0.07629557,-0.037002042,0.9964205
1576134871108,-1.1294098,-0.78723145,9.253052,0.34254456,-1.0860901,-0.059829712,-0.020038698,0.034578428,-0.012955914,0.997758,-0.039297685,0.05470145,0.037416942,0.9987199,0.034992903,-0.05600476,-0.032866567,0.99791145
1576134871122,-0.8877411,-0.7298126,9.765106,0.4708252,-1.0445404,-0.073272705,-0.02016202,0.034510702,-0.013077489,0.99851656,-0.038063545,0.03966422,0.03695359,0.99894786,0.028351644,-0.040700454,-0.026842978,0.9988327
1576134871140,-0.8805542,-0.61735535,10.822739,0.5380249,-0.8148651,-0.081207275,-0.020323945,0.034399167,-0.013152126,0.9991662,-0.03594177,0.020796366,0.035597045,0.99925977,0.016715754,-0.021381337,-0.015961094,0.99966586
1576134871143,-0.87815857,-0.5623169,11.009384,0.5380249,-0.79226685,-0.07937622,-0.02034299,0.034386225,-0.013148321,0.99921036,-0.03572796,0.01896171,0.035438824,0.99928695,0.015371792,-0.01949704,-0.014687293,0.99972385
1576134871160,-1.282547,-0.2368927,12.198608,0.51174927,-0.74095154,-0.026855469,-0.02048237,0.03431828,-0.013012824,0.99939686,-0.034742,0.0075195674,0.034692228,0.99940914,0.0066516204,-0.0077463384,-0.0063866917,0.99997145
1576134871176,-1.7491608,-0.06460571,12.928421,0.4854889,-0.9480438,0.070877075,-0.020649511,0.0342944,-0.012744825,0.99938697,-0.03521741,-0.006569725,0.03520324,0.99941075,-0.0022600177,0.0066447435,0.0020270653,0.9999976
1576134871193,-1.9453583,-0.14596558,12.94278,0.4439392,-1.029892,0.11730957,-0.02091677,0.03429553,-0.012312715,0.9989837,-0.037496008,-0.026139691,0.037188604,0.99926746,-0.012149366,0.026574595,0.011164262,0.9996062
1576134871193,-1.9453583,-0.14596558,12.94278,0.4439392,-1.029892,0.11730957,-0.02091677,0.03429553,-0.012312715,0.9989837,-0.037496008,-0.026139691,0.037188604,0.99926746,-0.012149366,0.026574595,0.011164262,0.9996062
1576134871207,-1.3304138,-0.279953,13.088745,0.33459473,-0.9272766,0.0030822754,-0.021161532,0.034293707,-0.011915416,0.99842924,-0.03874301,-0.04117593,0.03799899,0.9991357,-0.018701846,0.04186281,0.017106932,0.9989984
1576134871225,-1.1174469,-0.22970581,14.167908,0.3113861,-0.8704529,-0.24003601,-0.021378867,0.034268536,-0.011392613,0.9978041,-0.036649853,-0.055685446,0.035347916,0.99911505,-0.02418878,0.056520008,0.022166207,0.9981767
1576134871240,-1.3328094,-0.047851562,14.4717865,0.41584778,-0.7891998,-0.28707886,-0.021539504,0.0342589,-0.010833626,0.9973348,-0.03363526,-0.06518351,0.031805184,0.9991085,-0.02891368,0.066094875,0.02676217,0.99747574
1576134871257,-1.0624084,0.114852905,14.112869,0.38897705,-0.6743622,-0.22659302,-0.021731665,0.034276567,-0.010127826,0.9965712,-0.029691,-0.0775951,0.026905913,0.99899703,-0.036695514,0.07860325,0.034480337,0.99633086
1576134871260,-0.98106384,0.15553284,14.057831,0.38897705,-0.6743622,-0.22659302,-0.021756748,0.034281332,-0.010028742,0.9965712,-0.029691,-0.0775951,0.026905913,0.99899703,-0.036695514,0.07860325,0.034480337,0.99633086
1576134871277,-0.79441833,0.18902588,13.890335,0.25030518,-0.5057678,-0.17895508,-0.021902105,0.03432839,-0.009354414,0.99606115,-0.027603643,-0.08459761,0.024231479,0.99891305,-0.040632706,0.08562346,0.038420998,0.99560785
1576134871292,-0.6771698,0.22970581,13.562515,0.1751709,-0.30174255,-0.12702942,-0.022000918,0.034376286,-0.008807606,0.9958608,-0.026717333,-0.08720097,0.02311208,0.998879,-0.042095806,0.088224,0.039904382,0.99532235
1576134871309,-0.72502136,0.4665985,13.033707,0.1275177,-0.19972229,-0.101364136,-0.022099202,0.03444508,-0.0082251085,0.99577016,-0.02621232,-0.088383324,0.022488149,0.9988603,-0.04287288,0.08940244,0.040702127,0.99518496
1576134871309,-0.72502136,0.4665985,13.033707,0.1275177,-0.19972229,-0.101364136,-0.022099202,0.03444508,-0.0082251085,0.99577016,-0.02621232,-0.088383324,0.022488149,0.9988603,-0.04287288,0.08940244,0.040702127,0.99518496
1576134871326,-0.62931824,0.32302856,12.550354,0.097595215,-0.28401184,-0.12641907,-0.02219832,0.03453607,-0.0077301823,0.995684,-0.02574303,-0.08948524,0.021923102,0.9988496,-0.043412305,0.09049588,0.04126128,0.99506325
1576134871344,-0.28474426,0.21534729,12.016754,0.15438843,-0.35365295,-0.25042725,-0.022275604,0.034613695,-0.0073155495,0.99549836,-0.024425367,-0.09188801,0.020413883,0.9988407,-0.044346258,0.09286057,0.04226894,0.99480313
1576134871357,-0.011962891,0.30389404,11.502304,0.21609497,-0.28157043,-0.33532715,-0.02229837,0.034661613,-0.007076584,0.9953373,-0.022343514,-0.09413567,0.018090341,0.99882007,-0.04579554,0.09504367,0.043877102,0.99452734
1576134871373,0.071777344,0.50727844,11.107483,0.25030518,-0.12886047,-0.30296326,-0.022288108,0.034742765,-0.006834014,0.99525607,-0.02029217,-0.09544996,0.015818458,0.9987839,-0.047395594,0.09629146,0.045658853,0.9943269
1576134871376,0.122039795,0.55274963,11.085953,0.25701904,-0.10014343,-0.28707886,-0.022284366,0.034756742,-0.006806163,0.9952523,-0.020035142,-0.095542945,0.015531595,0.99877626,-0.047649767,0.096376516,0.04593757,0.9943058
1576134871391,0.23928833,0.5144501,11.047668,0.29734802,0.019577026,-0.17710876,-0.022249056,0.03485035,-0.006658297,0.99526495,-0.018963251,-0.095631815,0.014305235,0.9987212,-0.049160823,0.09643763,0.047557905,0.99422354
1576134871410,0.43310547,0.32063293,11.102692,0.33215332,-0.016448975,-0.09770203,-0.022169681,0.03497049,-0.006478578,0.995298,-0.018282779,-0.0954199,0.013390538,0.9986075,-0.05166207,0.09622748,0.05013922,0.9941169
1576134871423,0.6029968,0.34934998,11.078766,0.31626892,-0.105026245,-0.11175537,-0.022100672,0.03503256,-0.0063671004,0.9952815,-0.018031692,-0.09564038,0.013019299,0.99855405,-0.052776862,0.09644969,0.051280398,0.99403715
1576134871425,0.5934143,0.36849976,11.064407,0.3028412,-0.14840698,-0.12641907,-0.022084825,0.035044555,-0.0063450667,0.995262,-0.01786672,-0.09587455,0.012788636,0.998528,-0.05332205,0.096682064,0.051841013,0.9939855
1576134871443,-1.1964111,1.2801666,18.51088,0.8196411,0.4575653,-0.19177246,-0.021992385,0.035069615,-0.005917747,0.99532336,-0.01678821,-0.09543241,0.011322326,0.9983121,-0.057531323,0.09623314,0.056179278,0.99379337
1576134871459,-0.01914978,-0.20578003,12.351746,1.2393036,1.8289795,0.1264801,-0.02206067,0.035186645,-0.0050719194,0.99926096,-0.020905064,-0.03314135,0.01727982,0.9942348,-0.10613118,0.035167385,0.10547561,0.9938211
1576134871474,1.2610168,0.22253418,9.963715,0.1739502,-0.11968994,-0.025024414,-0.022028787,0.035193846,-0.0046952586,0.9997169,-0.023159746,-0.009379512,0.021843461,0.99232066,-0.12201676,0.012132715,0.1217722,0.9925052
1576134871490,0.01675415,1.4165497,7.980057,-0.69470215,-1.3059998,-0.10443115,-0.021906462,0.03526615,-0.004661946,0.999538,-0.021800179,-0.02250487,0.019028919,0.9930115,-0.11675425,0.024891691,0.11626719,0.99292725
1576134871492,-0.19621277,1.4237366,7.824524,-0.84436035,-1.3903046,-0.0867157,-0.021892391,0.035291914,-0.0046867025,0.99940366,-0.021365043,-0.028173516,0.018037664,0.9934094,-0.11348117,0.030410975,0.11290057,0.99316204
1576134871510,-0.3756714,1.0169525,9.5234375,-1.3880463,-0.7177429,0.25720215,-0.021873336,0.03551448,-0.0049601793,0.9973253,-0.022378687,-0.069994785,0.017448947,0.9974084,-0.07026594,0.07138279,0.06885371,0.99509096
1576134871528,0.78245544,-0.44267273,10.872986,-0.4118805,0.44717407,0.27186584,-0.021855522,0.035677984,-0.0049947086,0.9971104,-0.025963983,-0.07179362,0.022033164,0.99827516,-0.055012364,0.07309503,0.053269252,0.99592257
1576134871540,0.49531555,0.5144501,9.470795,0.2429657,0.13929749,0.023849487,-0.021778854,0.035706062,-0.0049601314,0.9972674,-0.026891591,-0.069226526,0.023099173,0.99825114,-0.05501279,0.07058183,0.05326107,0.9961043
1576134871557,-0.009567261,0.25602722,9.111862,0.34988403,-0.22415161,-0.025024414,-0.021702766,0.035799347,-0.0050553326,0.9972128,-0.026878992,-0.07001401,0.022888038,0.99813336,-0.05719442,0.071417615,0.055430118,0.99592644
1576134871559,0.06700134,0.19381714,9.305695,0.34988403,-0.22415161,-0.025024414,-0.021697057,0.035812765,-0.0050767916,0.9972128,-0.026878992,-0.07001401,0.022888038,0.99813336,-0.05719442,0.071417615,0.055430118,0.99592644
1576134871575,0.279953,0.22253418,10.365707,0.3724823,0.18634033,-0.024398804,-0.021651668,0.035877503,-0.0051653916,0.9971924,-0.026888594,-0.070301674,0.022712704,0.9980002,-0.0595396,0.07175899,0.05777318,0.9957688
1576134871590,0.01675415,0.4019928,10.715057,0.28268433,0.55163574,0.022018433,-0.021593584,0.03594701,-0.005156939,0.99745023,-0.027092611,-0.06645984,0.022955338,0.99782944,-0.0622459,0.06799912,0.060558956,0.9958671
1576134871609,-0.3637085,0.4905243,10.865814,-0.022750854,0.23031616,0.0763855,-0.021568662,0.03603617,-0.0050791474,0.9976651,-0.027552757,-0.06295632,0.023564367,0.99775285,-0.063239925,0.064554535,0.06160607,0.99603224
1576134871613,-0.4139557,0.5312042,10.899307,-0.099105835,0.08248901,0.091049194,-0.02157151,0.03606522,-0.0050495216,0.99766964,-0.02762234,-0.06285399,0.0236449,0.99775547,-0.0631686,0.06445505,0.06153255,0.99604326
1576134871626,-0.27757263,0.46420288,10.834702,-0.18951416,-0.19789124,0.1105957,-0.021588635,0.036139864,-0.0049674124,0.99764115,-0.027892128,-0.06318693,0.02392449,0.9977783,-0.062702194,0.06479269,0.061039917,0.99605167
1576134871641,-0.18902588,0.6316986,9.98764,-0.17729187,-0.24491882,0.08370972,-0.021606226,0.036234286,-0.0048901993,0.99753433,-0.028374434,-0.06464423,0.024385324,0.99783075,-0.061684474,0.06625143,0.059953384,0.9960219
1576134871659,-0.25602722,0.6412811,9.580856,-0.16569519,-0.15512085,0.05744934,-0.021621821,0.036362756,-0.0049046506,0.9974732,-0.028599925,-0.065486595,0.024606457,0.9978675,-0.060997628,0.067088604,0.059229482,0.99600935
1576134871675,-0.15792847,0.61735535,9.779465,-0.07833862,-0.03540039,0.03239441,-0.021633923,0.036477335,-0.004967932,0.9974551,-0.028687416,-0.0657211,0.024700178,0.99788344,-0.060699612,0.067320436,0.05891921,0.99601215
1576134871678,-0.124420166,0.58384705,9.820145,-0.009918213,0.027511597,0.015914917,-0.021635959,0.036515143,-0.0049884403,0.99745494,-0.028694013,-0.065720305,0.024707679,0.997884,-0.06068703,0.06731972,0.05890618,0.9960129
1576134871693,-0.057434082,0.48812866,10.064209,0.06765747,0.07272339,-0.015853882,-0.02163608,0.036623348,-0.005038418,0.9974589,-0.0286919,-0.065662004,0.024706315,0.9978817,-0.060727015,0.0672624,0.05894783,0.9960143
1576134871712,-0.052642822,0.44984436,10.305893,0.08230591,0.06661987,-0.03479004,-0.021623837,0.036735877,-0.005059709,0.9974704,-0.02864093,-0.065509476,0.024653118,0.9978728,-0.060893852,0.06711128,0.059122194,0.9960141
1576134871723,-0.08375549,0.47138977,10.341782,0.04689026,0.051956177,-0.012802124,-0.02161351,0.036812067,-0.0050519463,0.9974752,-0.028618867,-0.06544668,0.024630154,0.9978692,-0.060962483,0.067049004,0.059193984,0.99601406
1576134871726,-0.052642822,0.4785614,10.325027,0.037719727,0.04827881,-0.0036315918,-0.021611651,0.036827292,-0.0050491383,0.9974757,-0.028618691,-0.06543921,0.024630051,0.99786884,-0.06096801,0.06704168,0.05919972,0.99601424
1576134871741,-0.08135986,0.41874695,10.341782,-0.031295776,0.02079773,0.04888916,-0.021598274,0.036934268,-0.005025494,0.99747694,-0.028642977,-0.065408885,0.024656383,0.99786836,-0.060964517,0.06701277,0.059195336,0.9960164
1576134871760,-0.117248535,0.3397827,10.310669,-0.07711792,-0.03967285,0.066604614,-0.021585878,0.03703417,-0.004996918,0.9974727,-0.028733527,-0.06543416,0.024751915,0.99787176,-0.060868703,0.06704099,0.059092637,0.9960207
1576134871778,-0.107681274,0.2632141,10.124039,-0.094818115,-0.06654358,0.039123535,-0.021579618,0.03711898,-0.0049773683,0.99746096,-0.028832428,-0.06556762,0.024855359,0.9978804,-0.060684517,0.06717544,0.05889814,0.9960232
1576134871778,-0.107681274,0.2632141,10.124039,-0.094818115,-0.06654358,0.039123535,-0.021579618,0.03711898,-0.0049773683,0.99746096,-0.028832428,-0.06556762,0.024855359,0.9978804,-0.060684517,0.06717544,0.05889814,0.9960232
1576134871794,-0.028717041,0.2536316,10.057037,-0.08627319,-0.032333374,-0.011581421,-0.021571837,0.03718989,-0.0049824454,0.99745435,-0.028842604,-0.065664835,0.024871053,0.9978902,-0.060517676,0.067268886,0.05872787,0.996027
1576134871809,-0.088531494,0.29193115,10.097717,-0.049621582,0.010406494,-0.012191772,-0.021560118,0.037250448,-0.004995149,0.99745435,-0.028818982,-0.06567529,0.024851589,0.9978949,-0.06044684,0.067276165,0.058658235,0.9960306
1576134871827,-0.050247192,0.28234863,10.174286,-0.011138916,0.0446167,0.03239441,-0.021548508,0.037325423,-0.0050056786,0.99745554,-0.028828848,-0.06565141,0.024864318,0.99789584,-0.060425315,0.06725238,0.058636606,0.99603355
1576134871841,-0.04307556,0.33499146,10.205383,-0.022750854,0.054397583,0.039733887,-0.021534773,0.037390318,-0.0050062127,0.997458,-0.02886728,-0.06559819,0.024907041,0.99789584,-0.06040842,0.06720113,0.058618415,0.99603814
1576134871845,-0.0382843,0.34217834,10.195816,-0.02885437,0.05378723,0.039733887,-0.021532305,0.037401557,-0.0050058435,0.99745846,-0.028874075,-0.06558868,0.024914764,0.99789596,-0.060402997,0.0671919,0.05861276,0.9960391
1576134871858,-0.13400269,0.45942688,10.262817,-0.06367493,0.0287323,0.03300476,-0.021521302,0.03747456,-0.00500188,0.9974603,-0.028912153,-0.06554323,0.024959452,0.99789834,-0.060344923,0.067147315,0.058553156,0.9960456
1576134871877,-0.16989136,0.45224,10.231705,-0.07223511,-0.029891968,0.021408081,-0.021516856,0.037572153,-0.0049904287,0.9974588,-0.028943574,-0.065551005,0.024997273,0.9979036,-0.060243357,0.06715439,0.05844909,0.9960512
1576134871891,-0.16749573,0.41635132,10.114456,-0.050231934,-0.0549469,0.011016846,-0.02151795,0.037658587,-0.004984295,0.99745464,-0.028959583,-0.0656075,0.025014574,0.9979072,-0.06017517,0.06721002,0.05837828,0.9960516
1576134871894,-0.1531372,0.38523865,10.112076,-0.046569824,-0.056777954,0.0073547363,-0.021518245,0.037672643,-0.0049844277,0.9974539,-0.028960364,-0.06561808,0.025015289,0.9979077,-0.06016695,0.06722042,0.058369726,0.99605143
1576134871911,-0.08375549,0.41874695,10.083359,-0.036193848,-0.009735107,-0.030517578,-0.021516625,0.03776752,-0.004991547,0.997452,-0.028946744,-0.065653965,0.025002005,0.9979102,-0.060130667,0.06725452,0.058333397,0.99605125
1576134871929,-0.14356995,0.4785614,10.265213,-0.06489563,0.025680542,-0.05128479,-0.021508973,0.037864655,-0.0049973903,0.9974551,-0.02888524,-0.06563305,0.024946218,0.9979157,-0.060063615,0.06722836,0.05827089,0.9960567
1576134871941,-0.102890015,0.5120697,10.214966,-0.09056091,0.012252808,-0.042114258,-0.021506157,0.037940234,-0.0049911453,0.9974582,-0.02882415,-0.06561203,0.02489269,0.9979228,-0.059969395,0.06720145,0.058181137,0.99606377
1576134871960,-0.100494385,0.39482117,10.308273,-0.12780762,-0.022567749,-0.032958984,-0.021495908,0.03806024,-0.0049777343,0.99745953,-0.028716384,-0.06564009,0.024801597,0.99794143,-0.05969728,0.06721639,0.057915084,0.9960784
1576134871963,-0.117248535,0.37806702,10.325027,-0.12780762,-0.028671265,-0.034179688,-0.021494392,0.038074605,-0.0049749776,0.99745923,-0.028702168,-0.06565089,0.02478961,0.9979443,-0.05965484,0.067225285,0.057873253,0.9960802
1576134871975,-0.16270447,0.32302856,10.2341,-0.13392639,-0.04638672,-0.028076172,-0.021490771,0.03814164,-0.004960789,0.9974562,-0.028634645,-0.06572673,0.024733,0.9979592,-0.059427604,0.067291394,0.057648264,0.9960888
1576134871994,-0.090927124,0.2632141,10.169495,-0.14859009,-0.06410217,-0.056167603,-0.021488935,0.03822434,-0.0049493574,0.9974476,-0.028482161,-0.06592281,0.024599163,0.9979888,-0.058983546,0.067467324,0.057208817,0.9961022
1576134872008,-0.08375549,0.21534729,10.159927,-0.14859009,-0.057998657,-0.081207275,-0.021483226,0.038287494,-0.004946787,0.99744326,-0.028303947,-0.06606674,0.0244346,0.99801207,-0.058659155,0.067592785,0.05689233,0.99611187
1576134872010,-0.098098755,0.2033844,10.1527405,-0.14797974,-0.057388306,-0.08732605,-0.021482116,0.03829727,-0.004946687,0.9974427,-0.028260564,-0.06609425,0.024394067,0.9980169,-0.05859365,0.06761616,0.05682897,0.9961139
1576134872024,0.0047912598,0.20578003,10.080963,-0.14065552,-0.02684021,-0.101989746,-0.021470794,0.038353696,-0.004949756,0.9974426,-0.02793274,-0.066237085,0.024087682,0.99805,-0.058155637,0.06772946,0.05640889,0.9961301
1576134872045,0.04307556,0.110076904,10.138397,-0.13270569,0.0140686035,-0.09098816,-0.02144334,0.038420685,-0.0049610944,0.99744976,-0.027623104,-0.06625918,0.023803413,0.99807966,-0.05776131,0.06772459,0.056034297,0.99615157
1576134872060,0,0.100494385,10.224533,-0.13575745,0.030578613,-0.06594849,-0.021418396,0.038461268,-0.00496465,0.9974601,-0.02738874,-0.06619915,0.023597075,0.9981056,-0.057396214,0.067642875,0.055685833,0.99617666
1576134872076,-0.06460571,0.07417297,10.255646,-0.15408325,0.010406494,-0.03540039,-0.021396255,0.038502913,-0.0049561393,0.9974678,-0.02723155,-0.06614754,0.023469549,0.9981313,-0.056999967,0.06757326,0.055300713,0.99620295
1576134872076,-0.06460571,0.07417297,10.255646,-0.15408325,0.010406494,-0.03540039,-0.021396255,0.038502913,-0.0049561393,0.9974678,-0.02723155,-0.06614754,0.023469549,0.9981313,-0.056999967,0.06757326,0.055300713,0.99620295
1576134872093,-0.14596558,0.04067993,10.17189,-0.16142273,-0.020126343,-0.025619507,-0.021384291,0.03854293,-0.004943277,0.9974683,-0.027141254,-0.06617726,0.023403613,0.99815464,-0.05661576,0.067588896,0.054921187,0.9962229
1576134872113,-0.047851562,-0.062210083,10.107285,-0.13941956,-0.040893555,-0.049438477,-0.021375725,0.03857844,-0.0049412935,0.9974636,-0.027000299,-0.066305965,0.023288496,0.9981849,-0.056129627,0.067698255,0.054440644,0.996242
1576134872124,-0.011962891,-0.026321411,10.064209,-0.11254883,-0.02684021,-0.07022095,-0.021367524,0.038591344,-0.0049461517,0.99746275,-0.026875932,-0.06636978,0.02317512,0.9981996,-0.055915385,0.06775019,0.054232948,0.9962498
1576134872141,-0.021530151,-0.023925781,10.097717,-0.091156006,-0.0054779053,-0.06410217,-0.021348055,0.03861421,-0.0049610864,0.9974646,-0.026735362,-0.06639819,0.023045251,0.9982128,-0.05573379,0.06776671,0.054059893,0.9962581
1576134872143,-0.011962891,-0.0143585205,10.107285,-0.0887146,-0.0024108887,-0.059829712,-0.021345139,0.038617495,-0.0049631586,0.99746495,-0.026718013,-0.066399455,0.023029415,0.9982145,-0.055710375,0.06776649,0.054037582,0.99625933
1576134872162,-0.102890015,-0.050247192,10.157532,-0.07345581,0.012252808,-0.019515991,-0.021325612,0.038638685,-0.0049729133,0.9974671,-0.026651803,-0.066393904,0.022971619,0.9982225,-0.05559045,0.067754604,0.05392206,0.9962664
1576134872179,-0.035888672,-0.107681274,10.140778,-0.07589722,0.0067443848,-0.0018157959,-0.021314735,0.038653962,-0.004977225,0.99746865,-0.026638145,-0.06637611,0.022966405,0.9982286,-0.055480313,0.06773358,0.053813048,0.9962738
1576134872191,-0.052642822,-0.095718384,10.128815,-0.07223511,-0.0018157959,-0.009140015,-0.021304606,0.038661033,-0.004979399,0.9974688,-0.02662929,-0.06637744,0.022961251,0.9982318,-0.05542471,0.067733146,0.053757913,0.9962768
1576134872194,-0.088531494,-0.086135864,10.124039,-0.06916809,-0.0011901855,-0.010360718,-0.021302478,0.03866242,-0.004980033,0.9974689,-0.02662671,-0.06637796,0.022959452,0.99823254,-0.055412773,0.06773326,0.05374612,0.99627745
1576134872211,-0.1268158,-0.059814453,10.030716,-0.042907715,0.034851074,0.009185791,-0.021293031,0.03867364,-0.0049896706,0.99746984,-0.026620932,-0.06636293,0.022958172,0.9982357,-0.05535841,0.067716695,0.05369239,0.9962815
1576134872228,-0.055038452,-0.07896423,10.116852,-0.016647339,0.06843567,0.019577026,-0.021285363,0.03868589,-0.0050073927,0.9974743,-0.026642302,-0.06628909,0.02298628,0.9982374,-0.05531808,0.067643195,0.05365224,0.99628866
1576134872242,-0.117248535,-0.035888672,10.143173,0.0023040771,0.08248901,0.017745972,-0.021275971,0.03869741,-0.0050165826,0.9974791,-0.026660755,-0.06620841,0.023009505,0.9982372,-0.055312075,0.06756352,0.053646836,0.9962944
1576134872245,-0.1268158,-0.026321411,10.1527405,0.004135132,0.078826904,0.015289307,-0.02127479,0.038699746,-0.0050175656,0.99748003,-0.02666384,-0.06619276,0.023013406,0.9982371,-0.055312533,0.067548074,0.05364745,0.9962954
1576134872264,-0.124420166,0.021530151,10.214966,0.012054443,0.03239441,0.012237549,-0.021268522,0.038725074,-0.0050188247,0.9974835,-0.026678575,-0.06613305,0.023030963,0.99823624,-0.055318546,0.067489415,0.05365385,0.9962991
1576134872275,-0.117248535,0.052642822,10.186249,0.016952515,0.0287323,0.010406494,-0.021266567,0.0387413,-0.0050160526,0.9974841,-0.026681773,-0.06612365,0.023034323,0.998236,-0.055323683,0.06748032,0.053659003,0.9962994
1576134872290,-0.107681274,0.23210144,10.016357,-0.0019836426,0.03668213,0.0067443848,-0.021263024,0.03877116,-0.005016261,0.99748516,-0.026685964,-0.06610854,0.023038978,0.9982357,-0.05532893,0.06746558,0.053664334,0.9963001
1576134872307,-0.17706299,0.071777344,10.425522,-0.10826111,0.1240387,-0.018295288,-0.021262739,0.038817592,-0.005023346,0.997501,-0.026665654,-0.065878175,0.023045557,0.9982473,-0.05511427,0.06722955,0.05345596,0.9963272
1576134872308,-0.15553284,0.093322754,10.454239,-0.10826111,0.1240387,-0.018295288,-0.02126333,0.038823575,-0.005021171,0.997501,-0.026665654,-0.065878175,0.023045557,0.9982473,-0.05511427,0.06722955,0.05345596,0.9963272
1576134872326,-0.20578003,0.18185425,10.31546,-0.09849548,-0.020126343,-0.059829712,-0.021269448,0.03887273,-0.0049933307,0.9975157,-0.02653117,-0.06571159,0.022937011,0.9982639,-0.0548603,0.067050174,0.053214397,0.99635226
1576134872342,-0.062210083,0.13639832,10.301102,-0.083221436,-0.10321045,-0.06594849,-0.021273786,0.038918372,-0.004969318,0.9975098,-0.026411982,-0.065848894,0.022820828,0.99827504,-0.05470561,0.06717735,0.053064268,0.9963517
1576134872358,0.0382843,0.06939697,10.059433,-0.04840088,-0.13008118,-0.04762268,-0.021264372,0.038960207,-0.004955257,0.99749506,-0.026274651,-0.06612617,0.022677397,0.9982855,-0.054575793,0.067443915,0.052937143,0.9963405
1576134872379,0.13639832,-0.117248535,10.097717,-0.038009644,-0.03845215,-0.012802124,-0.021223165,0.039003015,-0.0049709347,0.9974817,-0.026201751,-0.06635829,0.022598391,0.9982923,-0.054483153,0.06766966,0.052843973,0.99633014
1576134872383,0.117248535,-0.112457275,10.112076,-0.036193848,-0.022567749,-0.011581421,-0.021217033,0.039005574,-0.0049731736,0.9974816,-0.026200226,-0.06636085,0.022596994,0.99829257,-0.05447926,0.06767205,0.052840117,0.9963302
1576134872401,0.08135986,-0.20817566,10.214966,-0.036193848,-0.0079193115,0.008575439,-0.021168645,0.03901263,-0.0049818633,0.9974815,-0.026200598,-0.06636255,0.022599136,0.998294,-0.054451894,0.06767315,0.052812636,0.9963315
1576134872415,0.009567261,-0.14356995,10.183853,-0.034957886,-0.03967285,0.011627197,-0.021141531,0.03901042,-0.0049799164,0.9974804,-0.026204575,-0.06637919,0.022603596,0.99829507,-0.054431815,0.0676895,0.052791864,0.9963315
1576134872429,-0.0143585205,-0.19142151,10.183853,-0.04046631,-0.059829712,0.026901245,-0.021118505,0.039008714,-0.0049781036,0.99747634,-0.026221262,-0.06643282,0.022619925,0.9982967,-0.054395426,0.06774309,0.052753054,0.9963299
1576134872429,-0.0143585205,-0.19142151,10.183853,-0.04046631,-0.059829712,0.026901245,-0.021118505,0.039008714,-0.0049781036,0.99747634,-0.026221262,-0.06643282,0.022619925,0.9982967,-0.054395426,0.06774309,0.052753054,0.9963299
1576134872446,-0.06700134,-0.1986084,10.102493,-0.039855957,-0.03540039,0.026901245,-0.02109577,0.039003644,-0.004977942,0.99747163,-0.026252445,-0.066493414,0.022651304,0.9982986,-0.054345757,0.0678041,0.052699793,0.9963286
1576134872460,-0.059814453,-0.19142151,10.128815,-0.039245605,-0.012786865,0.028121948,-0.021080732,0.038998544,-0.0049839686,0.9974697,-0.02627291,-0.06651237,0.022672938,0.99829984,-0.054314137,0.06782338,0.052666288,0.996329
1576134872475,-0.100494385,-0.1531372,10.162323,-0.020904541,-0.007293701,0.015289307,-0.021067597,0.038994662,-0.00498879,0.99746895,-0.026283266,-0.06651877,0.022684405,0.99830073,-0.054293007,0.06782983,0.05264427,0.9963297
1576134872493,-0.117248535,-0.13877869,10.145569,-0.0013580322,-0.020736694,0.009185791,-0.021059215,0.0389935,-0.004991945,0.9974686,-0.026286526,-0.066523254,0.022687612,0.99830085,-0.05429045,0.06783444,0.052641388,0.99632955
1576134872495,-0.119644165,-0.13877869,10.145569,0.001083374,-0.0231781,0.0067443848,-0.021058358,0.038993653,-0.0049924646,0.9974685,-0.026286932,-0.06652463,0.02268794,0.99830085,-0.054290548,0.06783584,0.052641425,0.9963294
1576134872510,-0.026321411,-0.18424988,10.1766815,0.009017944,-0.021957397,0.014694214,-0.02105295,0.038994387,-0.0049947673,0.9974677,-0.026292382,-0.06653463,0.022692658,0.9983007,-0.054293614,0.06784618,0.05264389,0.99632865
1576134872530,0.007171631,-0.1986084,10.222137,0.0016784668,-0.015853882,0.006134033,-0.021029627,0.038988944,-0.0049913507,0.99746716,-0.026297864,-0.06654274,0.022697512,0.99830055,-0.054296568,0.06785462,0.052646305,0.996328
1576134872542,0.0023956299,-0.14596558,10.169495,-0.0032043457,-0.012786865,-0.0018157959,-0.021012092,0.0389849,-0.0049867015,0.9974669,-0.026298165,-0.0665455,0.022697685,0.99830055,-0.054296285,0.06785739,0.052645937,0.9963278
1576134872544,0.007171631,-0.14596558,10.15036,-0.0013580322,-0.014633179,-0.004852295,-0.021008542,0.038984437,-0.0049861055,0.99746686,-0.026297977,-0.06654606,0.022697471,0.99830055,-0.054296244,0.06785794,0.052645896,0.99632776
1576134872561,0,-0.13639832,10.104889,-0.00869751,-0.009735107,-0.021362305,-0.020986376,0.03898466,-0.004987382,0.99746656,-0.026293347,-0.066550076,0.02269273,0.9983006,-0.054294623,0.067861676,0.052644502,0.9963275
1576134872576,-0.007171631,-0.093322754,10.167099,-0.019088745,0.0073547363,-0.036621094,-0.020961897,0.038987868,-0.004994024,0.99746704,-0.026272565,-0.066550195,0.022672536,0.99830157,-0.054285705,0.0678605,0.052636977,0.996328
1576134872596,-0.06460571,0.04067993,9.982849,0.054214478,0.025680542,-0.036621094,-0.02093584,0.03900176,-0.0050067743,0.9974698,-0.026231658,-0.066525586,0.022630585,0.9983006,-0.054319642,0.06783453,0.052674323,0.99632776
1576134872596,-0.06460571,0.04067993,9.982849,0.054214478,0.025680542,-0.036621094,-0.02093584,0.03900176,-0.0050067743,0.9974698,-0.026231658,-0.066525586,0.022630585,0.9983006,-0.054319642,0.06783453,0.052674323,0.99632776
1576134872608,-0.055038452,-0.026321411,10.224533,0.030395508,0.04034424,-0.01524353,-0.020923063,0.039018378,-0.005021336,0.9974718,-0.026216019,-0.06650074,0.022614304,0.9982995,-0.054348238,0.06780954,0.052704602,0.9963278
1576134872626,0.0143585205,0,10.277176,0.02734375,0.027511597,0.0073547363,-0.02090425,0.039040674,-0.0050126407,0.997474,-0.026216691,-0.06646655,0.02261543,0.9982983,-0.054368235,0.0677759,0.052725375,0.99632907
1576134872646,-0.0765686,-0.0023956299,10.214966,0.013900757,-0.026229858,0.023849487,-0.020881817,0.03907186,-0.004998735,0.9974732,-0.026230013,-0.06647395,0.02262733,0.99829715,-0.05438358,0.06778433,0.052739676,0.99632776
1576134872660,-0.011962891,-0.01675415,10.279572,-0.023361206,-0.006072998,0.03729248,-0.020868013,0.03909412,-0.0049898433,0.9974719,-0.026250713,-0.066484705,0.022647707,0.99829686,-0.054380298,0.0677961,0.052734733,0.99632716
1576134872660,-0.011962891,-0.01675415,10.279572,-0.023361206,-0.006072998,0.03729248,-0.020868013,0.03909412,-0.0049898433,0.9974719,-0.026250713,-0.066484705,0.022647707,0.99829686,-0.054380298,0.0677961,0.052734733,0.99632716
1576134872676,-0.026321411,-0.06700134,10.3537445,-0.06977844,-0.010345459,0.036071777,-0.020850819,0.039112527,-0.0049750987,0.9974708,-0.026277157,-0.06649131,0.022676751,0.9982986,-0.05433721,0.06780312,0.052689612,0.9963291
1576134872693,-0.0382843,-0.04547119,10.009171,-0.03741455,-0.01890564,0.009796143,-0.020828899,0.03912966,-0.004955478,0.9974682,-0.026302496,-0.06652275,0.022706995,0.99830323,-0.054241177,0.06783363,0.052590955,0.9963323
1576134872716,0.007171631,-0.14356995,9.834503,0.07803345,0.020187378,-0.040283203,-0.020800311,0.039152425,-0.004993811,0.99746925,-0.026286159,-0.066513844,0.022688868,0.99830186,-0.05427421,0.06782465,0.052625366,0.9963311
1576134872717,-0.026321411,-0.14356995,9.84407,0.09819031,0.02507019,-0.048217773,-0.020796908,0.03915392,-0.0050007678,0.9974701,-0.026274629,-0.06650619,0.022675892,0.9983007,-0.054301243,0.06781702,0.052653413,0.99633014
1576134872734,-0.18664551,-0.04067993,10.1479645,0.192276,0.042785645,-0.05860901,-0.020780923,0.03916592,-0.005039179,0.9974828,-0.026108239,-0.066381976,0.022484196,0.9982794,-0.054768413,0.067694776,0.05313561,0.9963129
1576134872744,-0.07896423,-0.19142151,10.04985,0.21609497,0.04522705,-0.024398804,-0.020778146,0.039173264,-0.005048708,0.99749106,-0.026058702,-0.06627592,0.022409678,0.9982562,-0.055219527,0.06759641,0.05359336,0.99629515
