1576131465286,-0.062210083,-0.093322754,10.1814575,-0.0002593994,0.000869751,-0.0005645752,0.00045799746,0.0019763683,-0.00019456062,0.9999991,0.0019884363,-0.0000046540567,-0.001988435,0.9999991,-0.000024952065,0.0000046043624,0.000024961304,1
1576131465286,-0.062210083,-0.093322754,10.1814575,-0.0002593994,0.000869751,-0.0005645752,0.00045799746,0.0019763683,-0.00019456062,0.9999991,0.0019884363,-0.0000046540567,-0.001988435,0.9999991,-0.000024952065,0.0000046043624,0.000024961304,1
1576131465301,-0.033493042,-0.08135986,10.1766815,0.00036621094,0.0002593994,-0.0005645752,0.00046164604,0.001982985,-0.00019489172,0.9999991,0.0019884442,-0.0000045976094,-0.0019884428,0.9999991,-0.000024934745,0.0000045479496,0.000024943873,1
1576131465319,0.026321411,0.028717041,10.1527405,-0.0002593994,0.0014801025,0.015319824,0.00047108403,0.0019975444,-0.00019550364,0.9999991,0.0019877257,-0.0000044250523,-0.0019877243,0.9999991,-0.000024869933,0.00000437554,0.000024878715,1
1576131465334,0.9834442,0.011962891,10.19342,-0.0014801025,0.0002593994,0.06968689,0.00050233025,0.0020164826,-0.00019680988,0.9999991,0.0019507576,-0.000003972598,-0.0019507562,0.9999991,-0.00002364128,0.0000039264028,0.000023649023,1
1576131465334,0.9834442,0.011962891,10.19342,-0.0014801025,0.0002593994,0.06968689,0.00050233025,0.0020164826,-0.00019680988,0.9999991,0.0019507576,-0.000003972598,-0.0019507562,0.9999991,-0.00002364128,0.0000039264028,0.000023649023,1
1576131465351,0.72502136,-0.13877869,10.186249,-0.0027008057,0.0014801025,0.032424927,0.0006471182,0.0020383676,-0.00019727243,0.9999991,0.0019004827,-0.000003333514,-0.0019004813,0.9999991,-0.000021746027,0.000003292112,0.000021752361,1
1576131465367,0.4139557,-0.093322754,10.183853,-0.0014801025,-0.0009613037,0.006164551,0.0007824803,0.0020489383,-0.00019716159,0.9999991,0.0018947126,-0.0000033990195,-0.0018947112,0.9999991,-0.000021424561,0.000003358352,0.000021431,1
1576131465384,0.5814514,-0.06700134,10.15036,-0.0008544922,0.000869751,-0.0017852783,0.0008736332,0.0020570427,-0.00019592357,0.9999991,0.0018950019,-0.0000033563192,-0.0018950005,0.9999991,-0.000021321994,0.0000033158396,0.000021328357,1
1576131465393,0.46899414,-0.062210083,10.219742,-0.0014801025,0.000869751,-0.012771606,0.00095639395,0.0020640977,-0.00019516137,0.9999991,0.0018960034,-0.0000033959357,-0.001896002,0.9999991,-0.000021360052,0.0000033553629,0.000021366495,1
1576131465393,0.46899414,-0.062210083,10.219742,-0.0014801025,0.000869751,-0.012771606,0.00095639395,0.0020640977,-0.00019516137,0.9999991,0.0018960034,-0.0000033959357,-0.001896002,0.9999991,-0.000021360052,0.0000033553629,0.000021366495,1
1576131465417,0.37327576,-0.24406433,10.226929,0.00340271,-0.0009613037,-0.028640747,0.0011071136,0.0020620218,-0.00019371706,0.9999991,0.0019021675,-0.0000031499776,-0.001902166,0.9999991,-0.000021530188,0.0000031089503,0.000021536182,1
1576131465435,0.5790558,-0.17468262,10.284348,0.0021820068,-0.0009613037,-0.035980225,0.0012118429,0.0020492258,-0.00019266269,0.9999991,0.0019337266,-0.0000018988948,-0.0019337252,0.9999991,-0.000023275265,0.0000018538165,0.000023278935,1
1576131465450,0.3397827,-0.04307556,10.186249,0.0052337646,-0.00035095215,-0.031082153,0.001295502,0.0020458254,-0.00019087957,0.9999991,0.001956455,3.7454743e-8,-0.0019564535,0.9999991,-0.000025467452,-8.73453e-8,0.000025467369,1
1576131465467,0.04307556,0.098098755,10.080963,0.004638672,0.000869751,0.04953003,0.0013431689,0.0020599887,-0.00018882357,0.9999991,0.0019475349,1.11455876e-7,-0.0019475335,0.9999991,-0.000027042846,-1.6418718e-7,0.000027042619,1
1576131465468,0.29910278,0.1268158,10.138397,0.004638672,0.0033111572,0.06541443,0.0013481842,0.002064235,-0.00018902746,0.9999991,0.0019369173,6.474337e-7,-0.0019369159,0.9999991,-0.000027796801,-7.0133666e-7,0.000027795535,1
1576131465482,0.4665985,0.08135986,10.214966,0.0015869141,0.005142212,0.0892334,0.0014048415,0.0020875344,-0.0001889623,0.9999994,0.0018326205,0.0000041344456,-0.0018326191,0.9999994,-0.000030431504,-0.0000041902686,0.000030423913,1
1576131465502,0.275177,-0.17468262,10.238892,0.0052337646,-0.0070648193,0.104522705,0.0015017373,0.002106019,-0.00018863802,0.9999999,0.0015819995,0.0000066062003,-0.0015819982,0.9999999,-0.00003569898,-0.0000066627263,0.000035688518,1
1576131465502,0.275177,-0.17468262,10.238892,0.0052337646,-0.0070648193,0.104522705,0.0015017373,0.002106019,-0.00018863802,0.9999999,0.0015819995,0.0000066062003,-0.0015819982,0.9999999,-0.00003569898,-0.0000066627263,0.000035688518,1
1576131465514,0.2632141,-0.22492981,10.179062,0.005859375,-0.004623413,0.06541443,0.0015550852,0.0021051,-0.0001878269,0.99999994,0.0015162133,0.000006010223,-0.001516212,0.99999994,-0.00003729432,-0.0000060668217,0.0000372852,1
1576131465531,0.22492981,-0.22732544,10.09053,0.005859375,0.000869751,0.026321411,0.0016267027,0.002091854,-0.0001867789,0.99999994,0.0014802738,0.0000052656483,-0.0014802725,0.99999994,-0.000040143626,-0.0000053251274,0.000040135834,1
1576131465550,0.035888672,-0.011962891,10.19342,-0.0008544922,-0.0021820068,0.14849854,0.0016498144,0.0020963175,-0.00018760187,1.0000002,0.0013197996,0.0000063139646,-0.0013197983,1.0000002,-0.000039473685,-0.000006366116,0.00003946537,1
1576131465565,0.22492981,-0.2416687,10.155136,0.0021820068,0.0014801025,0.11000061,0.0016715284,0.0021065788,-0.00018789832,1.0000006,0.0010418901,0.000008321295,-0.0010418888,1.0000006,-0.000036617883,-0.0000083595005,0.00003660925,1
1576131465582,-0.095718384,-0.28474426,10.09053,-0.0002593994,0.005142212,0.040374756,0.0017175381,0.0020870431,-0.00018816027,1.0000006,0.00096110656,0.000014018855,-0.00096110516,1.0000006,-0.00003409869,-0.000014051672,0.000034085257,1
1576131465582,-0.095718384,-0.28474426,10.09053,-0.0002593994,0.005142212,0.040374756,0.0017175381,0.0020870431,-0.00018816027,1.0000006,0.00096110656,0.000014018855,-0.00096110516,1.0000006,-0.00003409869,-0.000014051672,0.000034085257,1
1576131465599,0.07417297,-0.17468262,10.138397,0.007080078,0.006362915,0.01838684,0.0017494769,0.0020590762,-0.00018893745,1.0000006,0.00094948127,0.0000150547785,-0.0009494799,1.0000006,-0.000035002235,-0.000015088057,0.000034987985,1
1576131465617,0.34457397,-0.102890015,10.124039,-0.0020751953,0.010025024,0.047088623,0.0017812651,0.0020530655,-0.00018936077,1.0000006,0.00093237706,0.000018075054,-0.00093237555,1.0000006,-0.000034688157,-0.000018107437,0.00003467135,1
1576131465634,0.122039795,-0.052642822,10.124039,0.019897461,-0.021728516,0.012268066,0.0018419572,0.002061041,-0.00018801767,1.0000006,0.00090649264,0.000013315331,-0.00090649136,1.0000006,-0.000040039962,-0.000013351674,0.000040027928,1
1576131465634,0.122039795,-0.052642822,10.124039,0.019897461,-0.021728516,0.012268066,0.0018419572,0.002061041,-0.00018801767,1.0000006,0.00090649264,0.000013315331,-0.00090649136,1.0000006,-0.000040039962,-0.000013351674,0.000040027928,1
1576131465652,0.21296692,-0.035888672,10.214966,0.005859375,-0.00035095215,0.026321411,0.0018788922,0.0020733005,-0.00018783132,1.0000006,0.0008981667,0.000015120096,-0.0008981654,1.0000006,-0.000040712213,-0.000015156709,0.000040698673,1
1576131465669,-0.0023956299,0.0047912598,10.083359,-0.008804321,0.013076782,0.03303528,0.0019188189,0.0020899577,-0.00018759396,1.0000006,0.0008863981,0.00001559579,-0.00088639674,1.0000006,-0.00004188402,-0.000015632962,0.000041870226,1
1576131465684,0.055038452,-0.01914978,10.136002,-0.00819397,0.00819397,0.055038452,0.0019363082,0.002107749,-0.00018848159,1.0000006,0.0008498196,0.00001833961,-0.0008498181,1.0000006,-0.000043586657,-0.000018376693,0.000043571094,1
1576131465703,0.34457397,-0.102890015,10.219742,0.005859375,0.009414673,0.044036865,0.0019766255,0.002129098,-0.00018938503,1.0000006,0.00079080556,0.000021413764,-0.00079080387,1.0000006,-0.00005047559,-0.000021453721,0.000050458686,1
1576131465703,0.34457397,-0.102890015,10.219742,0.005859375,0.009414673,0.044036865,0.0019766255,0.002129098,-0.00018938503,1.0000006,0.00079080556,0.000021413764,-0.00079080387,1.0000006,-0.00005047559,-0.000021453721,0.000050458686,1
1576131465718,0.1651001,0.0382843,10.25325,-0.008804321,0.02041626,0.025100708,0.0020319193,0.0021367923,-0.00019014481,1.0000006,0.0007784804,0.000026741938,-0.00077847845,1.0000006,-0.00004950315,-0.000026780514,0.000049482358,1
1576131465733,0.3397827,0.011962891,10.143173,0.0028076172,0.0014801025,0.035491943,0.0020908625,0.0021521815,-0.00018993921,1.0000006,0.00076103886,0.000029084718,-0.0007610368,1.0000006,-0.000050873463,-0.000029123474,0.000050851355,1
1576131465752,-0.27278137,0.047851562,10.258026,0.008300781,-0.004623413,-0.010940552,0.0021415877,0.002171122,-0.00019005942,1.0000006,0.0007568019,0.000030782576,-0.0007567998,1.0000006,-0.000052460367,-0.00003082232,0.000052437095,1
1576131465752,-0.27278137,0.047851562,10.258026,0.008300781,-0.004623413,-0.010940552,0.0021415877,0.002171122,-0.00019005942,1.0000006,0.0007568019,0.000030782576,-0.0007567998,1.0000006,-0.000052460367,-0.00003082232,0.000052437095,1
1576131465768,-0.026321411,0.0143585205,10.155136,-0.0057525635,-0.0015869141,0.02571106,0.002146265,0.002190177,-0.0001912958,1.0000006,0.0007416295,0.000030075174,-0.0007416274,1.0000006,-0.000052633586,-0.000030114259,0.0000526113,1
1576131465786,0.0047912598,-0.0765686,10.195816,0.010116577,-0.009506226,0.022659302,0.0021606341,0.002211398,-0.00019288393,1.0000006,0.00072930637,0.000030094963,-0.0007293042,1.0000006,-0.000052519717,-0.000030133318,0.0000524978,1
1576131465802,-0.071777344,-0.16749573,10.162323,-0.0069732666,0.003921509,-0.019485474,0.0021734799,0.0022215513,-0.00019298178,1.0000006,0.0007303388,0.00002928569,-0.0007303367,1.0000006,-0.00005223321,-0.000029323888,0.000052211857,1
1576131465802,-0.071777344,-0.16749573,10.162323,-0.0069732666,0.003921509,-0.019485474,0.0021734799,0.0022215513,-0.00019298178,1.0000006,0.0007303388,0.00002928569,-0.0007303367,1.0000006,-0.00005223321,-0.000029323888,0.000052211857,1
1576131465818,-0.01675415,-0.1268158,10.224533,-0.00819397,0.0027008057,-0.05003357,0.002186485,0.0022193752,-0.00019383487,1.0000006,0.000753591,0.000031289605,-0.00075358886,1.0000006,-0.000050907944,-0.000031328018,0.000050884406,1
1576131465836,0.14117432,-0.062210083,10.217346,0.015625,-0.0040283203,-0.05430603,0.0022065523,0.0022212176,-0.0001945046,1.0000006,0.0008081508,0.000030307163,-0.00080814847,1.0000006,-0.00005511111,-0.000030351754,0.00005508665,1
1576131465850,-0.44267273,-0.1268158,10.073776,0.00340271,0.003921509,-0.067733765,0.002216694,0.0022264011,-0.00019399462,1.0000006,0.0008546263,0.000031383843,-0.0008546239,1.0000006,-0.00005577561,-0.000031431562,0.00005574882,1
1576131465871,-0.52163696,-0.026321411,10.164719,0.0040283203,0.002090454,-0.0622406,0.0021717618,0.0022401747,-0.00019607681,1.0000006,0.0009317586,0.000025837326,-0.0009317565,1.0000006,-0.000059323887,-0.000025892656,0.000059299833,1
1576131465872,-0.48812866,0.021530151,10.076172,-0.0008544922,-0.0040283203,-0.05430603,0.0021631187,0.002242427,-0.00019646433,1.0000006,0.0009390696,0.000025295118,-0.00093906757,1.0000006,-0.000059208345,-0.000025350773,0.00005918461,1
1576131465886,-0.30389404,0.047851562,10.179062,-0.0014801025,0.013076782,0.000061035156,0.0021115548,0.002260185,-0.00019636998,1.0000006,0.0009519071,0.000025312207,-0.000951905,1.0000006,-0.000061274644,-0.000025370588,0.00006125056,1
1576131465902,-0.105285645,0.055038452,10.341782,0.0015869141,0.005142212,0.020828247,0.0020810494,0.0022799186,-0.00019658137,1.0000006,0.0009493811,0.000026842265,-0.00094937894,1.0000006,-0.000060543545,-0.00002689979,0.000060518076,1
1576131465919,0.028717041,-0.093322754,10.25325,0.0015869141,0.0057525635,0.0544281,0.0020820585,0.0023036033,-0.00019626875,1.0000006,0.00088923884,0.000028712513,-0.0008892365,1.0000006,-0.00006276861,-0.00002876838,0.000062743085,1
1576131465919,0.028717041,-0.093322754,10.25325,0.0015869141,0.0057525635,0.0544281,0.0020820585,0.0023036033,-0.00019626875,1.0000006,0.00088923884,0.000028712513,-0.0008892365,1.0000006,-0.00006276861,-0.00002876838,0.000062743085,1
1576131465936,-0.3517456,-0.107681274,10.128815,0.0009613037,0.011856079,0.015319824,0.0020811793,0.0023173674,-0.00019793886,1.0000006,0.00086556666,0.000027183105,-0.0008655644,1.0000006,-0.000063705724,-0.000027238299,0.00006368221,1
1576131465952,-0.7034912,0.06939697,10.325027,-0.00819397,0.010635376,0.019607544,0.0020374635,0.0023283344,-0.00019891032,1.0000006,0.0008631272,0.000028280743,-0.00086312473,1.0000006,-0.000063943546,-0.000028335986,0.00006391915,1
1576131465969,-0.6316986,-0.071777344,10.145569,-0.007583618,0.012481689,0.028762817,0.001958915,0.0023499765,-0.00020111259,1.0000006,0.0008419165,0.000031649975,-0.00084191374,1.0000006,-0.000064432425,-0.000031704272,0.000064405795,1
1576131465984,-0.8877411,0.071777344,10.27478,-0.005142212,0.007583618,-0.046966553,0.0018714654,0.0023604834,-0.00020323021,1.0000006,0.000847298,0.000034674315,-0.0008472951,1.0000006,-0.00006362665,-0.000034728266,0.0000635973,1
1576131465986,-0.90448,0.14356995,10.143173,0.013183594,-0.0009613037,-0.05491638,0.0018541832,0.0023627323,-0.0002033402,1.0000006,0.0008549658,0.000034538523,-0.00085496285,1.0000006,-0.00006546731,-0.000034594537,0.0000654378,1
1576131466005,-0.06700134,-0.117248535,10.195816,0.0052337646,0.0027008057,0.03488159,0.0017523358,0.0023831709,-0.00020621633,1.0000006,0.00085329893,0.00003877479,-0.00085329567,1.0000006,-0.00006474221,-0.000038830065,0.00006470915,1
1576131466020,0.47138977,0.0023956299,10.332214,0.0107421875,-0.016220093,0.18515015,0.0017431288,0.0024110898,-0.0002065322,1.0000006,0.0005611226,0.00003066567,-0.00056111976,1.0000006,-0.000072005,-0.000030706124,0.000071987815,1
1576131466035,0.107681274,-0.28953552,10.186249,-0.005142212,-0.0028076172,0.092300415,0.0017935657,0.0024255896,-0.0002051116,1.0000006,0.000299443,0.00002360547,-0.0002994405,1.0000006,-0.00007907599,-0.000023629209,0.00007906895,1
1576131466052,-0.72502136,-0.14356995,10.265213,-0.0008544922,-0.0040283203,-0.010940552,0.001808683,0.0024152936,-0.0002045579,1.0000006,0.00028022434,0.00002513263,-0.0002802218,1.0000006,-0.00007603879,-0.000025153999,0.00007603176,1
1576131466052,-0.72502136,-0.14356995,10.265213,-0.0008544922,-0.0040283203,-0.010940552,0.001808683,0.0024152936,-0.0002045579,1.0000006,0.00028022434,0.00002513263,-0.0002802218,1.0000006,-0.00007603879,-0.000025153999,0.00007603176,1
1576131466070,-0.42114258,-0.124420166,10.071396,-0.0002593994,0.000869751,-0.028045654,0.0017464913,0.0024058553,-0.00020542585,1.0000006,0.00028520182,0.000025505295,-0.00028519926,1.0000006,-0.000075788026,-0.00002552697,0.00007578075,1
1576131466085,-0.19142151,-0.22253418,10.186249,-0.0002593994,0.005142212,-0.04637146,0.0016992592,0.0023993978,-0.00020672783,1.0000006,0.00031326752,0.000024902956,-0.00031326496,1.0000006,-0.00007618392,-0.00002492688,0.00007617611,1
1576131466103,0.057434082,-0.23928833,10.1479645,0.006454468,0.0033111572,-0.04269409,0.0016863282,0.002390427,-0.00020851035,1.0000006,0.00034259478,0.000026952754,-0.00034259201,1.0000006,-0.00007634556,-0.00002697896,0.00007633633,1
1576131466103,0.057434082,-0.23928833,10.1479645,0.006454468,0.0033111572,-0.04269409,0.0016863282,0.002390427,-0.00020851035,1.0000006,0.00034259478,0.000026952754,-0.00034259201,1.0000006,-0.00007634556,-0.00002697896,0.00007633633,1
1576131466120,-0.13639832,-0.20817566,10.205383,-0.0008544922,0.0057525635,-0.048187256,0.0016948612,0.0023814298,-0.00020985621,1.0000006,0.00038076745,0.000029551604,-0.00038076448,1.0000006,-0.000076806726,-0.000029580897,0.00007679548,1
1576131466135,-0.21534729,-0.18424988,10.071396,-0.0057525635,-0.00035095215,-0.0793457,0.001688162,0.0023740896,-0.0002113075,1.0000006,0.00043913102,0.000029523088,-0.00043912805,1.0000006,-0.00007686503,-0.000029556888,0.00007685206,1
1576131466152,-0.39720154,-0.18185425,10.083359,0.0015869141,-0.008285522,-0.13249207,0.0016548475,0.0023659621,-0.00021239615,1.0000006,0.00067760923,0.000030328965,-0.00067760627,1.0000006,-0.00007340243,-0.000030378753,0.000073381874,1
1576131466170,-0.27757263,-0.15792847,10.301102,-0.0008544922,-0.0052490234,-0.14349365,0.0016099066,0.0023588422,-0.00021297675,1.0000006,0.0010267477,0.000023235605,-0.0010267452,1.0000006,-0.00007863121,-0.00002331639,0.000078607336,1
1576131466170,-0.27757263,-0.15792847,10.301102,-0.0008544922,-0.0052490234,-0.14349365,0.0016099066,0.0023588422,-0.00021297675,1.0000006,0.0010267477,0.000023235605,-0.0010267452,1.0000006,-0.00007863121,-0.00002331639,0.000078607336,1
1576131466187,-0.3397827,-0.100494385,10.310669,0.0009613037,0.000869751,-0.1282196,0.0015838554,0.0023514999,-0.00021303628,0.99999994,0.0014320527,0.000013921,-0.001432051,0.99999994,-0.0000774868,-0.000014032027,0.000077466815,1
1576131466203,-0.28234863,-0.14117432,10.277176,0.008300781,-0.0040283203,-0.0634613,0.0015522778,0.0023579886,-0.00021392902,0.99999976,0.0015600959,0.000010074798,-0.0015600944,0.99999976,-0.000081597835,-0.000010202167,0.00008158203,1
1576131466219,-0.37806702,-0.15792847,10.207779,-0.0020751953,0.0002593994,-0.040863037,0.0015271321,0.0023628448,-0.00021514471,0.99999976,0.0016009308,0.000011621669,-0.0016009292,0.99999976,-0.000079788,-0.000011749467,0.00007976931,1
1576131466219,-0.37806702,-0.15792847,10.207779,-0.0020751953,0.0002593994,-0.040863037,0.0015271321,0.0023628448,-0.00021514471,0.99999976,0.0016009308,0.000011621669,-0.0016009292,0.99999976,-0.000079788,-0.000011749467,0.00007976931,1
1576131466236,-0.20817566,-0.35414124,10.143173,0.00036621094,0.000869751,-0.05491638,0.0014923069,0.0023583726,-0.0002174824,0.99999976,0.0016281146,0.000010422616,-0.001628113,0.99999976,-0.00008096943,-0.000010554509,0.00008095236,1
1576131466253,-0.19621277,-0.38523865,10.207779,-0.0027008057,0.0027008057,-0.13432312,0.001460613,0.0023326385,-0.00021990816,0.99999946,0.0018295168,0.000015754618,-0.0018295149,0.99999946,-0.000081645674,-0.000015904037,0.00008161672,1
1576131466272,-0.31106567,-0.088531494,10.143173,-0.0032958984,0.002090454,-0.19052124,0.0014244411,0.0023046162,-0.00022027969,0.999998,0.0024949599,0.000018798377,-0.0024949573,0.999998,-0.000086424756,-0.000019014016,0.00008637758,1
1576131466272,-0.31106567,-0.088531494,10.143173,-0.0032958984,0.002090454,-0.19052124,0.0014244411,0.0023046162,-0.00022027969,0.999998,0.0024949599,0.000018798377,-0.0024949573,0.999998,-0.000086424756,-0.000019014016,0.00008637758,1
1576131466285,-0.34934998,-0.04067993,10.092926,0.004638672,-0.004623413,-0.14959717,0.0013875483,0.002306961,-0.00021991748,0.9999972,0.002785324,0.000017684528,-0.0027853216,0.9999972,-0.000082935076,-0.000017915536,0.0000828855,1
1576131466300,-0.3254242,0.055038452,10.219742,0.0015869141,-0.0015869141,-0.08178711,0.0013420001,0.002326756,-0.00021901607,0.9999967,0.0029577378,0.000014181304,-0.0029577357,0.9999967,-0.000085259155,-0.000014433495,0.000085216845,1
1576131466317,-0.54556274,-0.06939697,10.0785675,0.0009613037,-0.0052490234,-0.053085327,0.0012945887,0.0023540459,-0.00021791001,0.9999966,0.0030168223,0.0000076936985,-0.0030168204,0.9999966,-0.000087469445,-0.000007957628,0.00008744584,1
1576131466333,-0.059814453,-0.29193115,10.085754,0.00036621094,-0.0009613037,-0.0622406,0.0012441817,0.0023627758,-0.00021854936,0.9999966,0.0030577283,0.000006694229,-0.0030577264,0.9999966,-0.00008718443,-0.0000069608705,0.00008716355,1
1576131466359,-0.5479584,-0.102890015,10.29631,0.0028076172,-0.0009613037,-0.072631836,0.0011839389,0.0023512472,-0.00022163037,0.9999957,0.0033385514,0.00000582194,-0.0033385495,0.9999957,-0.00008922019,-0.0000061198625,0.00008920024,1
1576131466362,-0.5431671,-0.011962891,10.19104,0.0028076172,-0.0009613037,-0.072631836,0.0011752703,0.002351574,-0.00022151018,0.9999957,0.0033385514,0.00000582194,-0.0033385495,0.9999957,-0.00008922019,-0.0000061198625,0.00008920024,1
1576131466379,-0.08375549,-0.047851562,10.114456,0.00036621094,0.0027008057,-0.013381958,0.001128227,0.002358424,-0.00022228264,0.99999565,0.0033667283,0.0000052790483,-0.0033667265,0.99999565,-0.000090641544,-0.0000055842734,0.00009062326,1
1576131466391,-0.31106567,-0.07896423,10.238892,0.0015869141,-0.0015869141,0.012268066,0.0011096345,0.0023667768,-0.00022226345,0.99999565,0.0033669055,0.0000053378294,-0.0033669036,0.99999565,-0.000090801404,-0.000005643609,0.00009078292,1
1576131466395,-0.43788147,-0.0047912598,10.155136,0.00036621094,0.002090454,0.014724731,0.0011052674,0.0023687952,-0.0002222406,0.99999565,0.003366364,0.0000054146594,-0.003366362,0.99999565,-0.00009081513,-0.000005720435,0.00009079639,1
1576131466406,-0.25842285,-0.0382843,10.222137,0.00340271,-0.00340271,0.05747986,0.0010782041,0.0023793485,-0.00022159309,0.99999565,0.003342719,0.000004403049,-0.0033427172,0.99999565,-0.00009174965,-0.000004709808,0.00009173442,1
1576131466421,-0.23449707,-0.07417297,10.145569,0.0021820068,-0.0040283203,0.08985901,0.0010487076,0.00239032,-0.00022085855,0.99999607,0.0032307091,0.0000012804962,-0.0032307073,0.99999607,-0.00009335052,-0.000001582172,0.0000933459,1
1576131466436,-0.112457275,-0.18664551,10.138397,0.00036621094,-0.0028076172,0.088638306,0.0010289517,0.0023920683,-0.00022092587,0.99999636,0.0031242988,-0.0000040632262,-0.0031242971,0.99999636,-0.000094575014,0.0000037676245,0.000094587245,1
1576131466451,-0.32781982,-0.1986084,10.121643,-0.0014801025,-0.0009613037,0.06663513,0.0010129581,0.0023858214,-0.00022169785,0.9999968,0.0030175536,-0.0000065074446,-0.003017552,0.9999968,-0.00009487444,0.000006221022,0.00009489365,1
1576131466454,-0.43310547,-0.1986084,10.1479645,-0.0014801025,-0.0009613037,0.06663513,0.0010090646,0.0023844282,-0.00022194588,0.9999968,0.0030175536,-0.0000065074446,-0.003017552,0.9999968,-0.00009487444,0.000006221022,0.00009489365,1
1576131466471,-0.68673706,-0.15553284,10.339386,0.00036621094,-0.0021820068,0.0544281,0.0009539881,0.0023790707,-0.00022351231,0.9999968,0.0029578325,-0.000008581121,-0.002957831,0.9999968,-0.00009488014,0.000008300336,0.00009490509,1
1576131466487,-0.8279114,-0.071777344,10.1766815,0.0009613037,-0.0021820068,0.0544281,0.0008678652,0.0023802167,-0.00022461243,0.9999968,0.0029216104,-0.00000937695,-0.0029216087,0.9999968,-0.00009513153,0.000009098864,0.00009515852,1
1576131466503,-0.77526855,0.009567261,10.136002,0.00036621094,0.0014801025,0.06968689,0.0007453438,0.0023918685,-0.00022593996,0.99999696,0.0028510543,-0.000008821286,-0.0028510527,0.99999696,-0.00009518927,0.000008549752,0.00009521403,1
1576131466518,-0.64367676,-0.0143585205,10.207779,0.00036621094,-0.00035095215,0.05381775,0.00065204146,0.0024067876,-0.00022639634,0.9999972,0.0027821995,-0.000008947048,-0.002782198,0.9999972,-0.00009522109,0.00000868198,0.00009524561,1
1576131466520,-0.59103394,-0.057434082,10.17189,0.00036621094,0.002090454,0.048919678,0.00063808047,0.0024095045,-0.00022637655,0.9999972,0.0027762784,-0.0000086941445,-0.0027762768,0.9999972,-0.00009526612,0.000008429517,0.000095289884,1
1576131466536,-0.47138977,0.007171631,10.143173,0.0009613037,-0.0028076172,0.030593872,0.0005561756,0.0024278916,-0.00022634896,0.9999972,0.0027542599,-0.000009312531,-0.0027542582,0.9999972,-0.00009559773,0.000009049083,0.00009562302,1
1576131466553,-0.15074158,-0.100494385,10.186249,0.00036621094,-0.0009613037,0.003112793,0.0004914712,0.0024507046,-0.00022618694,0.9999972,0.00275023,-0.000009466429,-0.0027502284,0.9999972,-0.00009568402,0.0000092031305,0.00009570971,1
1576131466560,-0.12921143,-0.100494385,10.207779,0.00036621094,-0.0015869141,0.0025024414,0.0004825494,0.0024549828,-0.00022621783,0.9999972,0.0027501942,-0.000009517292,-0.0027501925,0.9999972,-0.000095692005,0.000009253975,0.00009571783,1
1576131466560,-0.12921143,-0.100494385,10.207779,0.00036621094,-0.0015869141,0.0025024414,0.0004825494,0.0024549828,-0.00022621783,0.9999972,0.0027501942,-0.000009517292,-0.0027501925,0.9999972,-0.000095692005,0.000009253975,0.00009571783,1
1576131466587,-0.088531494,-0.107681274,10.169495,-0.0002593994,-0.0028076172,0.0006713867,0.0004640473,0.0024706745,-0.00022600521,0.9999972,0.0027500333,-0.000009856115,-0.0027500317,0.9999972,-0.000095751544,0.000009592647,0.0000957783,1
1576131466599,-0.13160706,-0.14596558,10.1766815,0.00036621094,-0.0028076172,0.0018920898,0.0004635789,0.0024746459,-0.00022658234,0.9999972,0.0027499963,-0.000009991382,-0.0027499946,0.9999972,-0.000095819836,0.000009727732,0.00009584696,1
1576131466616,-0.41874695,-0.107681274,10.167099,0.00036621094,-0.0015869141,-0.009719849,0.0004540349,0.0024732277,-0.00022752253,0.9999972,0.0027505492,-0.000010171666,-0.0027505476,0.9999972,-0.0000958357,0.000009907917,0.00009586332,1
1576131466635,-0.59580994,-0.098098755,10.186249,0.0009613037,0.0014801025,0.03488159,0.000390531,0.002480901,-0.00022977442,0.9999972,0.0027457308,-0.00001020501,-0.0027457292,0.9999972,-0.00009595276,0.000009941402,0.00009598042,1
1576131466635,-0.59580994,-0.098098755,10.186249,0.0009613037,0.0014801025,0.03488159,0.000390531,0.002480901,-0.00022977442,0.9999972,0.0027457308,-0.00001020501,-0.0027457292,0.9999972,-0.00009595276,0.000009941402,0.00009598042,1
1576131466651,-0.9714813,-0.26560974,10.145569,0.0015869141,0.000869751,-0.051254272,0.0003110804,0.0024830117,-0.00023036823,0.9999972,0.0027517532,-0.000009793615,-0.0027517516,0.9999972,-0.000096220494,0.000009528695,0.000096247095,1
1576131466670,-1.2466583,0.011962891,10.09053,-0.0008544922,0.0002593994,-0.07141113,0.00014057722,0.0024744042,-0.0002312515,0.9999967,0.0029003727,-0.000004996909,-0.0029003709,0.9999967,-0.000095304764,0.000004720366,0.000095318865,1
1576131466683,-0.5431671,-0.04067993,10.236496,-0.0027008057,0.005142212,-0.01889038,0.000026092674,0.002482648,-0.00023195213,0.9999967,0.0029191063,-0.0000039339443,-0.0029191044,0.9999967,-0.000094490584,0.0000036579981,0.00009450168,1
1576131466696,-0.63648987,0.0765686,10.19104,-0.0002593994,0.000869751,0.053207397,-0.00007057941,0.0025001352,-0.00023170991,0.9999967,0.002909909,-0.0000035702321,-0.0029099071,0.9999967,-0.00009407304,0.000003296372,0.000094083036,1
1576131466696,-0.63648987,0.0765686,10.19104,-0.0002593994,0.000869751,0.053207397,-0.00007057941,0.0025001352,-0.00023170991,0.9999967,0.002909909,-0.0000035702321,-0.0029099071,0.9999967,-0.00009407304,0.000003296372,0.000094083036,1
1576131466725,-0.3134613,-0.114852905,10.291534,-0.0027008057,-0.0015869141,0.14788818,-0.00018074659,0.0025472422,-0.00023200162,0.99999774,0.0025269708,-0.0000069224116,-0.002526969,0.99999774,-0.00008321528,0.0000067120027,0.000083232524,1
1576131466739,-0.44267273,-0.21534729,10.124039,-0.0002593994,-0.0015869141,0.15216064,-0.00021845271,0.0025544362,-0.0002321758,0.99999833,0.002245996,-0.000008264071,-0.002245994,0.99999833,-0.00007909808,0.000008086292,0.00007911646,1
1576131466739,-0.44267273,-0.21534729,10.124039,-0.0002593994,-0.0015869141,0.15216064,-0.00021845271,0.0025544362,-0.0002321758,0.99999833,0.002245996,-0.000008264071,-0.002245994,0.99999833,-0.00007909808,0.000008086292,0.00007911646,1
1576131466753,-0.5766754,-0.2679901,10.159927,-0.0045318604,0.0014801025,0.12466431,-0.00027765002,0.002549751,-0.00023410002,0.999999,0.001969106,-0.000005933179,-0.0019691042,0.999999,-0.00006913283,0.000005796936,0.000069144415,1
1576131466770,-0.7992096,-0.17468262,10.226929,0.0028076172,-0.0009613037,0.084350586,-0.000371581,0.0025401197,-0.00023407734,0.9999994,0.0018014559,-0.000002435879,-0.0018014538,0.9999994,-0.000068021705,0.000002313238,0.000068026035,1
1576131466787,-0.55513,-0.16270447,10.277176,-0.0008544922,-0.0021820068,0.08557129,-0.00049397646,0.0025302977,-0.00023392335,0.99999946,0.0016878654,-0.0000020952866,-0.0016878633,0.99999946,-0.00006635427,0.0000019831882,0.00006635777,1
1576131466803,-0.7513428,-0.122039795,10.19342,-0.0027008057,0.003921509,0.061141968,-0.000580853,0.002523841,-0.0002354752,0.9999995,0.0016150265,-5.236309e-7,-0.0016150244,0.9999995,-0.000065777574,4.17301e-7,0.00006577841,1
1576131466803,-0.7513428,-0.122039795,10.19342,-0.0027008057,0.003921509,0.061141968,-0.000580853,0.002523841,-0.0002354752,0.9999995,0.0016150265,-5.236309e-7,-0.0016150244,0.9999995,-0.000065777574,4.17301e-7,0.00006577841,1
1576131466820,-0.7657013,-0.21534729,10.133606,0.0015869141,0.0057525635,0.056259155,-0.00068960845,0.0025169372,-0.00023577009,0.9999995,0.0015510682,0.0000044435606,-0.0015510658,0.9999995,-0.00006852723,-0.0000045499387,0.000068520334,1
1576131466836,-0.68196106,-0.22013855,10.126419,-0.0020751953,-0.00035095215,0.006164551,-0.00079882523,0.0025051448,-0.00023600268,0.9999995,0.0015215224,0.000008548908,-0.0015215199,0.9999995,-0.00006864422,-0.000008653434,0.000068631234,1
1576131466853,-0.7154541,-0.13877869,10.272385,-0.0045318604,0.0002593994,-0.0054473877,-0.00088723097,0.0024961554,-0.00023688322,0.9999995,0.001522037,0.000008580451,-0.0015220344,0.9999995,-0.00006813684,-0.00000868424,0.00006812381,1
1576131466872,-0.7848511,-0.06460571,10.174286,0.0052337646,0.0014801025,-0.002380371,-0.0010153741,0.0024945484,-0.0002407318,0.9999995,0.0015230913,0.000008484959,-0.0015230888,0.9999995,-0.000069191934,-0.0000085904285,0.000069179056,1
1576131466872,-0.7848511,-0.06460571,10.174286,0.0052337646,0.0014801025,-0.002380371,-0.0010153741,0.0024945484,-0.0002407318,0.9999995,0.0015230913,0.000008484959,-0.0015230888,0.9999995,-0.000069191934,-0.0000085904285,0.000069179056,1
1576131466887,-0.68434143,-0.17228699,10.121643,-0.014297485,0.007583618,-0.0017852783,-0.0011165653,0.0024987652,-0.00024395627,0.9999995,0.00152316,0.000009459625,-0.0015231575,0.9999995,-0.00006892861,-0.000009564696,0.000068914254,1
1576131466904,-0.4139557,-0.117248535,10.15036,0.008300781,-0.0028076172,-0.01889038,-0.0012124927,0.0024986307,-0.00024529686,0.9999995,0.0015264864,0.000010384512,-0.0015264838,0.9999995,-0.00006907306,-0.00001049003,0.00006905727,1
1576131466918,-0.07896423,-0.12921143,10.200607,-0.007583618,0.0069732666,-0.0054473877,-0.0012571369,0.0024978241,-0.0002459114,0.9999995,0.0015313837,0.000011072731,-0.001531381,0.9999995,-0.00006803688,-0.000011177,0.00006802001,1
1576131466918,-0.07896423,-0.12921143,10.200607,-0.007583618,0.0069732666,-0.0054473877,-0.0012571369,0.0024978241,-0.0002459114,0.9999995,0.0015313837,0.000011072731,-0.001531381,0.9999995,-0.00006803688,-0.000011177,0.00006802001,1
1576131466939,-0.25125122,0.028717041,10.1814575,-0.009414673,0.000869751,0.044036865,-0.001283603,0.0025072282,-0.00024710564,0.9999995,0.0015184823,0.000007451986,-0.00151848,0.9999995,-0.00006734477,-0.0000075543326,0.00006733355,1
1576131466953,-0.17468262,-0.057434082,10.155136,0.00036621094,0.006362915,0.018997192,-0.0013003272,0.0025186553,-0.0002473415,0.9999995,0.0014932792,0.000009026855,-0.0014932769,0.9999995,-0.00006757151,-0.000009127841,0.00006755814,1
1576131466973,-0.13160706,-0.04067993,10.243668,0.005859375,-0.0028076172,0.027542114,-0.0013124191,0.0025347415,-0.0002466014,0.9999995,0.0014811554,0.000010004888,-0.001481153,0.9999995,-0.000067899455,-0.00001010554,0.000067884735,1
1576131466973,-0.13160706,-0.04067993,10.243668,0.005859375,-0.0028076172,0.027542114,-0.0013124191,0.0025347415,-0.0002466014,0.9999995,0.0014811554,0.000010004888,-0.001481153,0.9999995,-0.000067899455,-0.00001010554,0.000067884735,1
1576131466987,-0.0765686,-0.16270447,10.267609,-0.0020751953,-0.0040283203,0.0067749023,-0.0013190694,0.0025443996,-0.00024617917,0.9999995,0.001474092,0.000005500839,-0.0014740898,0.9999995,-0.00006562951,-0.000005597674,0.000065621505,1
1576131467004,-0.06460571,-0.112457275,10.143173,-0.0014801025,0.010025024,-0.044525146,-0.0013245615,0.002552194,-0.00024593525,0.9999995,0.0014876047,0.0000050499884,-0.0014876025,0.9999995,-0.000064810665,-0.000005146493,0.000064803266,1
1576131467021,-0.17706299,0.01675415,10.023529,0.0009613037,-0.016845703,-0.01826477,-0.0013306965,0.0025627937,-0.00024631998,0.9999995,0.0015218463,0.000005238428,-0.0015218441,0.9999995,-0.00006301045,-0.0000053344124,0.000063002575,1
1576131467039,0.057434082,0.047851562,10.29393,0.00036621094,-0.012557983,-0.0084991455,-0.0013277213,0.0025835417,-0.00024769432,0.9999995,0.0015229402,0.0000021325022,-0.0015229381,0.9999995,-0.00006327412,-0.0000022289632,0.00006327097,1
1576131467039,0.057434082,0.047851562,10.29393,0.00036621094,-0.012557983,-0.0084991455,-0.0013277213,0.0025835417,-0.00024769432,0.9999995,0.0015229402,0.0000021325022,-0.0015229381,0.9999995,-0.00006327412,-0.0000022289632,0.00006327097,1
1576131467054,-0.035888672,-0.009567261,10.243668,-0.0020751953,0.007583618,-0.015213013,-0.001315939,0.0026021407,-0.00024809153,0.9999995,0.0015250968,5.967744e-7,-0.0015250948,0.9999995,-0.00006419457,-6.9477846e-7,0.000064193766,1
1576131467071,-0.22732544,-0.01675415,10.15036,-0.0027008057,0.005142212,-0.03475952,-0.0013190681,0.0026218183,-0.0002507138,0.9999995,0.0015394222,2.4017965e-7,-0.0015394202,0.9999995,-0.00006457708,-3.3969286e-7,0.0000645768,1
1576131467088,-0.32063293,0.107681274,10.088135,-0.012466431,-0.0070648193,-0.0042266846,-0.0013471477,0.002645909,-0.0002511096,0.9999995,0.0015492082,0.0000010964095,-0.0015492062,0.9999995,-0.00006585605,-0.0000011985346,0.00006585446,1
1576131467103,-0.028717041,-0.01914978,10.0785675,0.0028076172,-0.00035095215,0.023880005,-0.0013728755,0.0026749799,-0.00025293758,0.9999995,0.0015394605,-0.0000022943705,-0.0015394586,0.9999995,-0.00006473738,0.0000021946032,0.00006474102,1
1576131467106,-0.021530151,-0.06460571,10.279572,-0.009414673,0.006362915,0.015319824,-0.0013744187,0.0026789901,-0.000253106,0.9999995,0.0015387381,-0.0000019936783,-0.0015387363,0.9999995,-0.00006429395,0.0000018946408,0.00006429712,1
1576131467120,0.07417297,-0.059814453,10.35614,0.00036621094,0.008804321,-0.0030059814,-0.0013720696,0.0026932315,-0.00025409317,0.9999995,0.0015384459,-0.0000023790647,-0.0015384441,0.9999995,-0.000063953674,0.0000022805684,0.000063957435,1
1576131467139,-0.1268158,-0.16989136,9.982849,-0.011856079,0.011856079,-0.024368286,-0.0013309489,0.0026997086,-0.00025536495,0.9999995,0.0015400286,-8.742565e-7,-0.0015400267,0.9999995,-0.00006219445,7.783708e-7,0.00006219589,1
1576131467153,0.0023956299,-0.122039795,10.358536,-0.006362915,0.012481689,-0.0048217773,-0.0013151128,0.0026998157,-0.00025685888,0.9999995,0.0015434885,0.0000011183757,-0.0015434866,0.9999995,-0.00006041674,-0.0000012117289,0.00006041511,1
1576131467169,0.06460571,-0.18664551,10.157532,-0.006362915,-0.008911133,-0.039031982,-0.0012992629,0.0026995149,-0.00025669276,0.9999995,0.0015565853,0.0000045419183,-0.0015565834,0.9999995,-0.000056723813,-0.000004630307,0.000056716846,1
1576131467172,-0.06700134,-0.17228699,10.217346,-0.008804321,-0.00035095215,-0.047592163,-0.0012968257,0.0026992538,-0.00025663164,0.9999995,0.0015622794,0.0000045015718,-0.0015622776,0.9999995,-0.000055670367,-0.0000045886377,0.00005566344,1
1576131467190,0.114852905,-0.15553284,10.267609,-0.0014801025,-0.004623413,-0.09461975,-0.0012797741,0.0026923358,-0.0002588429,0.9999994,0.0016824132,0.00000632035,-0.0016824112,0.9999994,-0.00005332053,-0.0000064101455,0.000053309977,1
1576131467205,0.0047912598,-0.052642822,10.260422,0.007080078,-0.013183594,-0.087905884,-0.0012551822,0.0026904428,-0.00025883593,0.9999991,0.0017911745,-1.765402e-7,-0.001791173,0.9999991,-0.000055536384,7.696303e-8,0.00005553677,1
1576131467220,0.122039795,-0.06939697,10.145569,-0.0032958984,-0.0040283203,-0.039031982,-0.0012297092,0.0027013395,-0.00025973038,0.9999991,0.0018514239,-2.6563126e-7,-0.0018514224,0.9999991,-0.000050138016,1.7270246e-7,0.000050138588,1
1576131467221,0.08375549,-0.007171631,10.277176,-0.0032958984,-0.0040283203,-0.039031982,-0.0012254184,0.002703548,-0.00025965806,0.9999991,0.0018514239,-2.6563126e-7,-0.0018514224,0.9999991,-0.000050138016,1.7270246e-7,0.000050138588,1
1576131467240,0.01914978,0.04307556,10.013962,-0.003921509,-0.009506226,-0.032928467,-0.0011956762,0.0027204743,-0.00025891338,0.9999991,0.0018849212,0.0000010297149,-0.0018849196,0.9999991,-0.000043995162,-0.0000011127408,0.000043993314,1
1576131467253,0.23210144,-0.20100403,10.021149,-0.0032958984,-0.0052490234,-0.013381958,-0.0011624134,0.0027357524,-0.0002587867,0.9999991,0.0018873729,7.559929e-7,-0.0018873713,0.9999991,-0.00004398909,-8.3911596e-7,0.000043987755,1
1576131467269,0.098098755,-0.12921143,10.269989,-0.0008544922,0.002090454,-0.029266357,-0.0011218983,0.0027417052,-0.0002608545,0.9999991,0.0019009663,0.0000044356116,-0.0019009646,0.9999991,-0.000042798325,-0.000004517059,0.000042789987,1
1576131467286,0.06939697,-0.0382843,10.10968,-0.0014801025,-0.0015869141,-0.023147583,-0.001084981,0.0027494032,-0.00026171186,0.9999991,0.0019139006,0.000005085978,-0.001913899,0.9999991,-0.000041518175,-0.000005165527,0.000041508538,1
1576131467286,0.06939697,-0.0382843,10.10968,-0.0014801025,-0.0015869141,-0.023147583,-0.001084981,0.0027494032,-0.00026171186,0.9999991,0.0019139006,0.000005085978,-0.001913899,0.9999991,-0.000041518175,-0.000005165527,0.000041508538,1
1576131467301,0.18664551,-0.035888672,10.174286,-0.0002593994,-0.0064697266,-0.006668091,-0.0010538578,0.0027618054,-0.00026171104,0.9999991,0.0019159934,0.0000050217914,-0.0019159918,0.9999991,-0.00004100343,-0.0000051004417,0.000040993913,1
1576131467323,0.15074158,0.023925781,10.169495,-0.00819397,0.0045318604,0.03427124,-0.0010001919,0.0027838028,-0.00026176008,0.9999991,0.001911039,0.0000051217385,-0.0019110374,0.9999991,-0.00003999146,-0.0000051982506,0.000039981787,1
1576131467339,0.65802,-0.26081848,10.162323,0.0009613037,0.0057525635,0.027542114,-0.0009494225,0.0027943412,-0.00026223328,0.9999991,0.0018806297,0.000007658008,-0.001880628,0.9999991,-0.00003628472,-0.000007726327,0.000036270438,1
1576131467341,0.49771118,-0.18185425,10.262817,0.004638672,0.0002593994,0.011047363,-0.0009368827,0.0027939412,-0.00026223305,0.9999991,0.0018803024,0.000007665434,-0.0018803008,0.9999991,-0.000036422156,-0.000007733999,0.000036407862,1
1576131467353,0.35891724,-0.13160706,10.138397,-0.011856079,0.0045318604,-0.036590576,-0.0008712544,0.0027881153,-0.0002628702,0.9999991,0.0018884573,0.000007937221,-0.0018884557,0.9999991,-0.00003428339,-0.000008002044,0.000034268523,1
1576131467372,0.07417297,-0.052642822,10.236496,-0.0155181885,-0.0052490234,-0.0072784424,-0.0007983801,0.0027918736,-0.00026295372,0.9999991,0.0019061634,0.0000047888598,-0.0019061618,0.9999991,-0.00003091058,-0.0000048478687,0.000030901578,1
1576131467387,0.22492981,-0.122039795,10.200607,0.007675171,-0.018676758,0.0025024414,-0.0007638443,0.0028000183,-0.00026271955,0.9999991,0.0019056678,0.0000023578182,-0.0019056662,0.9999991,-0.000030205927,-0.0000024154751,0.000030201556,1
1576131467387,0.22492981,-0.122039795,10.200607,0.007675171,-0.018676758,0.0025024414,-0.0007638443,0.0028000183,-0.00026271955,0.9999991,0.0019056678,0.0000023578182,-0.0019056662,0.9999991,-0.000030205927,-0.0000024154751,0.000030201556,1
1576131467405,0.38285828,-0.15792847,10.286743,-0.0057525635,-0.0070648193,0.011047363,-0.0007050432,0.0028050405,-0.00026319953,0.9999991,0.0019044582,0.0000013706449,-0.0019044565,0.9999991,-0.000029841773,-0.0000014275747,0.000029839284,1
1576131467421,0.38523865,-0.06460571,10.095322,-0.0069732666,0.012481689,0.0067749023,-0.00062258606,0.0028029673,-0.00026347325,0.9999991,0.0019030358,0.000002372244,-0.0019030342,0.9999991,-0.000028888498,-0.0000024273143,0.000028884104,1
1576131467441,0.32302856,-0.090927124,10.073776,-0.0027008057,-0.0052490234,0.0134887695,-0.0005211729,0.002807475,-0.00026293664,0.9999991,0.0018977881,0.0000025163463,-0.0018977865,0.9999991,-0.000027698628,-0.0000025690065,0.000027693977,1
1576131467443,0.30389404,-0.035888672,10.138397,-0.0002593994,-0.00340271,0.0079956055,-0.0005094323,0.0028082964,-0.00026320285,0.9999991,0.0018976163,0.0000024432345,-0.0018976147,0.9999991,-0.000027692915,-0.0000024958795,0.000027688402,1
1576131467456,0.275177,-0.01675415,10.1766815,-0.0057525635,0.0014801025,0.008605957,-0.000456373,0.0028165686,-0.00026363353,0.9999991,0.0018969136,0.0000023526247,-0.001896912,0.9999991,-0.00002755757,-0.000002404994,0.000027553227,1
1576131467472,0.5001068,-0.047851562,10.2341,-0.005142212,0.0002593994,0.0012817383,-0.00039110676,0.002832034,-0.0002626548,0.9999991,0.0018946832,0.000002986692,-0.0018946816,0.9999991,-0.000026817565,-0.0000030375961,0.000026812027,1
1576131467489,0.77526855,-0.27757263,10.1766815,0.0028076172,-0.004623413,-0.010940552,-0.00029825236,0.0028463479,-0.0002623315,0.9999991,0.0018954637,0.0000026916514,-0.001895462,0.9999991,-0.000026684858,-0.0000027423262,0.000026679878,1
1576131467505,-0.23210144,-0.059814453,10.069,0.00036621094,-0.0040283203,-0.029266357,-0.00021127379,0.0028527454,-0.00026195054,0.9999991,0.0019123983,0.0000018562885,-0.0019123966,0.9999991,-0.000026408918,-0.0000019068898,0.000026405489,1
1576131467521,0.026321411,-0.04307556,10.231705,-0.003921509,-0.00035095215,0.017166138,-0.00018457741,0.0028644875,-0.00026360055,0.9999991,0.0019125409,0.0000014835622,-0.0019125392,0.9999991,-0.000025902247,-0.0000015331993,0.000025899535,1
1576131467521,0.026321411,-0.04307556,10.231705,-0.003921509,-0.00035095215,0.017166138,-0.00018457741,0.0028644875,-0.00026360055,0.9999991,0.0019125409,0.0000014835622,-0.0019125392,0.9999991,-0.000025902247,-0.0000015331993,0.000025899535,1
1576131467538,0.5742798,-0.16270447,10.25325,0.00036621094,-0.004623413,-0.017669678,-0.00013436055,0.0028717068,-0.00026446185,0.9999991,0.0019109561,8.244098e-7,-0.0019109545,0.9999991,-0.000025811816,-8.73835e-7,0.000025810366,1
1576131467555,0.007171631,0.011962891,10.222137,0.0015869141,-0.00340271,0.008605957,-0.00006311175,0.0028747378,-0.00026533683,0.9999991,0.0019192772,1.4319428e-7,-0.0019192756,0.9999991,-0.00002581172,-1.9283596e-7,0.000025811574,1
1576131467568,0.3014984,-0.15792847,10.265213,-0.0008544922,0.000869751,0.00982666,-0.000031580275,0.0028808806,-0.00026644534,0.9999991,0.0019158906,-3.4054128e-7,-0.001915889,0.9999991,-0.000025935897,2.907478e-7,0.000025936679,1
1576131467586,0.33738708,-0.1603241,10.061813,0.0009613037,-0.0064697266,-0.048187256,0.000032972774,0.0028752226,-0.00026708868,0.9999991,0.0019332559,-0.0000016513198,-0.0019332543,0.9999991,-0.000025821024,0.0000016012943,0.000025824345,1
1576131467586,0.33738708,-0.1603241,10.061813,0.0009613037,-0.0064697266,-0.048187256,0.000032972774,0.0028752226,-0.00026708868,0.9999991,0.0019332559,-0.0000016513198,-0.0019332543,0.9999991,-0.000025821024,0.0000016012943,0.000025824345,1
1576131467603,0.3134613,-0.086135864,10.179062,-0.0008544922,-0.0021820068,0.000061035156,0.00010693623,0.0028792135,-0.00026765608,0.9999991,0.0019575774,-0.0000038872104,-0.0019575758,0.9999991,-0.000025520038,0.0000038371395,0.000025527777,1
1576131467621,-0.17228699,-0.088531494,10.203003,-0.0020751953,-0.00035095215,0.0079956055,0.00016797282,0.0028925035,-0.0002682325,0.9999991,0.0019568102,-0.000004135923,-0.0019568086,0.9999991,-0.00002540846,0.000004086089,0.000025416684,1
1576131467621,-0.17228699,-0.088531494,10.203003,-0.0020751953,-0.00035095215,0.0079956055,0.00016797282,0.0028925035,-0.0002682325,0.9999991,0.0019568102,-0.000004135923,-0.0019568086,0.9999991,-0.00002540846,0.000004086089,0.000025416684,1
1576131467639,0.0047912598,-0.20100403,10.183853,-0.0020751953,0.0002593994,0.019607544,0.00018858197,0.002902623,-0.000268773,0.9999991,0.0019492643,-0.0000044917206,-0.0019492627,0.9999991,-0.000025076222,0.0000044427265,0.00002508511,1
1576131467655,0.07896423,-0.124420166,10.258026,0.00036621094,-0.00035095215,-0.0072784424,0.00020589179,0.002903893,-0.0002702467,0.9999991,0.0019485023,-0.0000048121924,-0.0019485006,0.9999991,-0.000024976218,0.0000047634126,0.000024985728,1
1576131467670,0.19381714,-0.1483612,10.207779,0.00036621094,-0.0028076172,-0.011550903,0.00023245608,0.0029051267,-0.00027150055,0.9999991,0.0019501875,-0.000005149173,-0.0019501859,0.9999991,-0.00002496684,0.000005100369,0.000024977015,1
1576131467688,0.21534729,-0.122039795,10.17189,-0.0002593994,-0.0015869141,-0.014602661,0.0002726909,0.0029049874,-0.00027207326,0.9999991,0.001954037,-0.000005607018,-0.0019540354,0.9999991,-0.00002503351,0.0000055579862,0.0000250446,1
1576131467688,0.21534729,-0.122039795,10.17189,-0.0002593994,-0.0015869141,-0.014602661,0.0002726909,0.0029049874,-0.00027207326,0.9999991,0.001954037,-0.000005607018,-0.0019540354,0.9999991,-0.00002503351,0.0000055579862,0.0000250446,1
1576131467703,0.14596558,-0.100494385,10.071396,0.00036621094,-0.0028076172,-0.021331787,0.00031309313,0.0029068422,-0.00027373942,0.9999991,0.0019597402,-0.0000056783015,-0.0019597386,0.9999991,-0.000025059728,0.0000056290755,0.000025070982,1
1576131467720,0.6149597,-0.13877869,10.210175,0.0009613037,-0.0009613037,-0.039031982,0.00036158087,0.0029135596,-0.00027462782,0.9999991,0.0019685868,-0.000005363071,-0.0019685852,0.9999991,-0.000025078185,0.000005313588,0.000025088868,1
1576131467738,-0.07417297,0.007171631,10.1766815,-0.0008544922,0.0014801025,-0.084228516,0.00045970947,0.0029194297,-0.00027555492,0.99999875,0.0021144217,-0.0000044861886,-0.00211442,0.99999875,-0.000025940086,0.0000044312264,0.000025949686,1
1576131467738,-0.07417297,0.007171631,10.1766815,-0.0008544922,0.0014801025,-0.084228516,0.00045970947,0.0029194297,-0.00027555492,0.99999875,0.0021144217,-0.0000044861886,-0.00211442,0.99999875,-0.000025940086,0.0000044312264,0.000025949686,1
1576131467754,-0.18664551,-0.095718384,10.200607,-0.0002593994,-0.00035095215,-0.06529236,0.00048679512,0.0029299553,-0.0002751057,0.9999987,0.002176496,-0.0000056648046,-0.0021764943,0.9999987,-0.000026693862,0.000005606587,0.0000267063,1
1576131467772,0.14596558,-0.07896423,10.136002,0.0009613037,0.000869751,-0.07324219,0.0004844382,0.0029369975,-0.00027527026,0.9999987,0.0022570575,-0.000005766365,-0.0022570558,0.9999987,-0.000027358532,0.0000057044954,0.000027371649,1
1576131467790,-0.31106567,0.0143585205,10.188644,-0.0008544922,0.0027008057,-0.020111084,0.0005004024,0.002952871,-0.0002760462,0.9999985,0.0023408325,-0.000006066877,-0.0023408309,0.9999985,-0.00002712012,0.0000060032703,0.00002713442,1
1576131467806,-0.0047912598,-0.08375549,10.164719,0.00036621094,0.000869751,0.022659302,0.0004950685,0.0029724063,-0.00027706265,0.9999985,0.0023341384,-0.0000060033076,-0.0023341367,0.9999985,-0.000027204484,0.0000059396853,0.000027218593,1
1576131467806,-0.0047912598,-0.08375549,10.164719,0.00036621094,0.000869751,0.022659302,0.0004950685,0.0029724063,-0.00027706265,0.9999985,0.0023341384,-0.0000060033076,-0.0023341367,0.9999985,-0.000027204484,0.0000059396853,0.000027218593,1
1576131467822,0.098098755,-0.18664551,10.188644,-0.0008544922,0.000869751,-0.0084991455,0.0005105988,0.0029828695,-0.00027715837,0.9999985,0.0023315295,-0.0000058062797,-0.0023315279,0.9999985,-0.000026993184,0.000005743222,0.000027006823,1
1576131467839,0.01914978,-0.122039795,10.1527405,-0.0002593994,-0.0028076172,-0.046966553,0.0005288059,0.0029820323,-0.00027703986,0.9999985,0.0023539914,-0.0000060296493,-0.0023539898,0.9999985,-0.00002697047,0.0000059660374,0.000026984764,1
1576131467857,0.31825256,-0.14356995,10.159927,-0.0008544922,-0.00035095215,0.015945435,0.0005589172,0.0029883513,-0.0002775984,0.9999985,0.0023604957,-0.0000058095675,-0.002360494,0.9999985,-0.000026526293,0.0000057468296,0.000026540109,1
1576131467857,0.31825256,-0.14356995,10.159927,-0.0008544922,-0.00035095215,0.015945435,0.0005589172,0.0029883513,-0.0002775984,0.9999985,0.0023604957,-0.0000058095675,-0.002360494,0.9999985,-0.000026526293,0.0000057468296,0.000026540109,1
1576131467873,-0.13877869,-0.23928833,10.159927,0.00036621094,0.0014801025,0.0018920898,0.00058607175,0.0029895555,-0.00027890652,0.9999985,0.0023600727,-0.000005744568,-0.002360071,0.9999985,-0.000026459235,0.0000056820004,0.000026472895,1
1576131467892,-0.07896423,-0.18185425,10.19104,0.00036621094,0.0002593994,0.017166138,0.0005912733,0.0029778976,-0.00028012646,0.9999985,0.002357562,-0.0000057101356,-0.0023575604,0.9999985,-0.000026613521,0.000005647271,0.000026627087,1
1576131467903,-0.062210083,-0.16989136,10.179062,0.0021820068,-0.00035095215,0.020828247,0.0005926906,0.0029711279,-0.00027977966,0.9999985,0.0023529704,-0.000005673657,-0.0023529688,0.9999985,-0.000027019181,0.00000560996,0.000027032633,1
1576131467922,-0.062210083,0.04067993,10.169495,0.0021820068,-0.00035095215,0.003112793,0.00059831433,0.0029761735,-0.0002800705,0.9999985,0.002348147,-0.0000052867576,-0.0023481455,0.9999985,-0.000027538703,0.000005221974,0.00002755122,1
1576131467922,-0.062210083,0.04067993,10.169495,0.0021820068,-0.00035095215,0.003112793,0.00059831433,0.0029761735,-0.0002800705,0.9999985,0.002348147,-0.0000052867576,-0.0023481455,0.9999985,-0.000027538703,0.000005221974,0.00002755122,1
1576131467941,-0.093322754,-0.057434082,10.183853,-0.0002593994,0.0002593994,-0.001159668,0.000603573,0.0029964128,-0.00028058208,0.9999985,0.0023481527,-0.0000052916103,-0.002348151,0.9999985,-0.000027583,0.0000052267233,0.000027595528,1
1576131467956,-0.062210083,-0.026321411,10.179062,-0.0008544922,0.000869751,-0.0005645752,0.0006071637,0.0030099484,-0.00028090013,0.9999985,0.0023481725,-0.0000052693713,-0.0023481708,0.9999985,-0.000027593545,0.0000052044597,0.000027606022,1
1576131467974,-0.04067993,-0.026321411,10.183853,-0.0014801025,-0.0009613037,-0.001159668,0.00061337266,0.0030272198,-0.00028196847,0.9999985,0.0023481941,-0.0000052650857,-0.0023481925,0.9999985,-0.000027593598,0.0000052001747,0.000027606064,1
1576131467974,-0.04067993,-0.026321411,10.183853,-0.0014801025,-0.0009613037,-0.001159668,0.00061337266,0.0030272198,-0.00028196847,0.9999985,0.0023481941,-0.0000052650857,-0.0023481925,0.9999985,-0.000027593598,0.0000052001747,0.000027606064,1
1576131467990,-0.052642822,-0.052642822,10.1814575,-0.0014801025,-0.00035095215,-0.001159668,0.0006203917,0.0030415633,-0.0002824089,0.9999985,0.0023481878,-0.0000052493006,-0.0023481862,0.9999985,-0.000027504748,0.000005184598,0.000027517177,1
1576131468009,-0.035888672,-0.095718384,10.188644,-0.0027008057,0.000869751,0.000061035156,0.00062886457,0.0030566656,-0.00028258975,0.9999985,0.0023481804,-0.000005191632,-0.0023481788,0.9999985,-0.000027350816,0.0000051272928,0.000027363112,1
1576131468020,-0.06700134,-0.100494385,10.1766815,-0.0027008057,0.002090454,-0.0017852783,0.0006339012,0.003063189,-0.000282713,0.9999985,0.0023481997,-0.000005120733,-0.002348198,0.9999985,-0.000027226251,0.0000050566864,0.00002723838,1
1576131468042,-0.13400269,-0.1531372,10.169495,-0.0027008057,0.0002593994,0.000061035156,0.0006381552,0.0030700436,-0.00028351977,0.9999985,0.0023483324,-0.000005047805,-0.0023483308,0.9999985,-0.000026864014,0.000004984605,0.000026875974,1
1576131468042,-0.13400269,-0.1531372,10.169495,-0.0027008057,0.0002593994,0.000061035156,0.0006381552,0.0030700436,-0.00028351977,0.9999985,0.0023483324,-0.000005047805,-0.0023483308,0.9999985,-0.000026864014,0.000004984605,0.000026875974,1
1576131468056,-0.124420166,-0.16749573,10.174286,-0.0020751953,0.000869751,0.000061035156,0.00063668145,0.0030700557,-0.00028410662,0.9999985,0.0023483292,-0.000005013522,-0.0023483275,0.9999985,-0.000026759244,0.0000049505684,0.000026771122,1
1576131468073,-0.117248535,-0.2033844,10.200607,-0.0014801025,-0.0009613037,0.0012817383,0.00063358014,0.0030654832,-0.00028417134,0.9999985,0.0023483303,-0.00000500218,-0.0023483287,0.9999985,-0.000026700774,0.000004939364,0.000026712629,1
1576131468088,-0.07896423,-0.18424988,10.21257,0.00036621094,-0.0009613037,-0.0005645752,0.00063266046,0.0030580282,-0.00028361246,0.9999985,0.0023483308,-0.000005020838,-0.0023483292,0.9999985,-0.000026701393,0.0000049580217,0.000026713291,1
1576131468091,-0.07896423,-0.17945862,10.183853,0.00036621094,-0.0009613037,0.0018920898,0.00063290715,0.0030568265,-0.00028338915,0.9999985,0.0023483143,-0.0000050340236,-0.0023483126,0.9999985,-0.000026701993,0.000004971206,0.000026713922,1
1576131468105,-0.088531494,-0.17228699,10.157532,0.0009613037,0.0002593994,0.0025024414,0.0006340028,0.003050132,-0.0002827546,0.9999985,0.0023482936,-0.000005024712,-0.002348292,0.9999985,-0.000026710153,0.0000049618766,0.000026722057,1
1576131468124,-0.088531494,-0.14596558,10.1766815,0.0028076172,0.000869751,0.0006713867,0.0006341475,0.0030438649,-0.00028274377,0.9999985,0.0023482696,-0.000005015105,-0.002348268,0.9999985,-0.000026799587,0.000004952061,0.000026811465,1
1576131468138,-0.13400269,-0.088531494,10.188644,0.0040283203,-0.0015869141,-0.001159668,0.0006319169,0.0030423102,-0.00028287535,0.9999985,0.002348293,-0.000005081545,-0.0023482915,0.9999985,-0.000027002552,0.0000050180242,0.000027014585,1
1576131468154,-0.122039795,-0.055038452,10.159927,0.0021820068,-0.0021820068,0.0006713867,0.00062702526,0.0030473925,-0.0002825279,0.9999985,0.002348331,-0.0000051806064,-0.0023483294,0.9999985,-0.000027171074,0.00000511669,0.000027183338,1
1576131468154,-0.122039795,-0.055038452,10.159927,0.0021820068,-0.0021820068,0.0006713867,0.00062702526,0.0030473925,-0.0002825279,0.9999985,0.002348331,-0.0000051806064,-0.0023483294,0.9999985,-0.000027171074,0.00000511669,0.000027183338,1
1576131468172,-0.052642822,-0.035888672,10.17189,0.0015869141,-0.0015869141,0.0006713867,0.0006265742,0.0030582952,-0.00028263382,0.9999985,0.0023483373,-0.0000052945543,-0.0023483357,0.9999985,-0.000027295204,0.000005230345,0.000027307735,1
1576131468190,-0.021530151,-0.04547119,10.186249,-0.0002593994,0.0002593994,0.000061035156,0.0006324327,0.0030723214,-0.0002837202,0.9999985,0.0023483362,-0.0000053855842,-0.0023483345,0.9999985,-0.000027348238,0.0000053212502,0.000027360984,1
1576131468205,0.011962891,-0.055038452,10.1814575,0.0015869141,-0.0009613037,-0.001159668,0.0006436754,0.0030863178,-0.00028482988,0.9999985,0.002348337,-0.000005393703,-0.0023483355,0.9999985,-0.00002736907,0.0000053293197,0.000027381833,1
1576131468205,0.011962891,-0.055038452,10.1814575,0.0015869141,-0.0009613037,-0.001159668,0.0006436754,0.0030863178,-0.00028482988,0.9999985,0.002348337,-0.000005393703,-0.0023483355,0.9999985,-0.00002736907,0.0000053293197,0.000027381833,1
1576131468228,-0.105285645,-0.062210083,10.183853,-0.0020751953,0.0027008057,0.0012817383,0.0006636994,0.0031091848,-0.00028565378,0.9999985,0.002348318,-0.000005342248,-0.0023483164,0.9999985,-0.0000273251,0.000005277969,0.000027337739,1
1576131468241,-0.114852905,-0.086135864,10.19104,-0.0032958984,0.0027008057,0.0018920898,0.0006680043,0.0031184058,-0.0002859447,0.9999985,0.0023482663,-0.0000052627197,-0.0023482647,0.9999985,-0.00002721096,0.00000519871,0.000027223408,1
1576131468254,-0.1483612,-0.110076904,10.188644,-0.0020751953,-0.0009613037,-0.0017852783,0.0006675312,0.0031260736,-0.00028615698,0.9999985,0.002348299,-0.000005230561,-0.0023482973,0.9999985,-0.000027116545,0.0000051667716,0.000027128917,1
1576131468272,-0.12921143,-0.1483612,10.1814575,-0.0027008057,0.0002593994,-0.002380371,0.00066119933,0.0031326518,-0.00028665547,0.9999985,0.002348298,-0.0000051963066,-0.0023482963,0.9999985,-0.000026922213,0.000005132975,0.000026934507,1
1576131468272,-0.14356995,-0.13639832,10.19342,-0.0027008057,-0.00035095215,-0.0005645752,0.00066017563,0.0031330946,-0.00028660608,0.9999985,0.002348302,-0.000005198676,-0.0023483003,0.9999985,-0.000026903637,0.0000051353877,0.000026915937,1
1576131468287,-0.090927124,-0.13877869,10.17189,-0.0014801025,-0.0009613037,-0.0005645752,0.0006554574,0.0031339738,-0.0002861602,0.9999985,0.0023483033,-0.000005241108,-0.0023483017,0.9999985,-0.00002682552,0.0000051780025,0.000026837919,1
1576131468304,-0.062210083,-0.16749573,10.1814575,-0.0002593994,-0.0009613037,0.000061035156,0.00065446075,0.0031330641,-0.00028598207,0.9999985,0.002348305,-0.0000052775667,-0.0023483033,0.9999985,-0.000026742166,0.0000052146565,0.000026754653,1
1576131468321,-0.047851562,-0.17228699,10.169495,-0.0002593994,-0.0009613037,-0.001159668,0.00065953674,0.0031291628,-0.00028571344,0.9999985,0.0023483147,-0.000005298371,-0.002348313,0.9999985,-0.000026736485,0.0000052354744,0.00002674902,1
1576131468339,-0.06700134,-0.16989136,10.17189,0.0015869141,-0.00035095215,0.000061035156,0.0006685604,0.003122982,-0.00028601504,0.9999985,0.0023483161,-0.0000053076437,-0.0023483145,0.9999985,-0.000026767173,0.000005244676,0.00002677973,1
1576131468340,-0.055038452,-0.15074158,10.19342,0.0009613037,0.0002593994,-0.001159668,0.0006696553,0.0031222475,-0.0002860641,0.9999985,0.0023483206,-0.0000053066724,-0.002348319,0.9999985,-0.000026770807,0.000005243696,0.000026783362,1
1576131468357,-0.117248535,-0.13400269,10.186249,0.0028076172,0.000869751,-0.001159668,0.00067473104,0.0031188515,-0.00028626042,0.9999985,0.0023483734,-0.0000052946716,-0.0023483718,0.9999985,-0.000026879681,0.000005231438,0.000026892205,1
1576131468371,-0.124420166,-0.124420166,10.174286,0.0009613037,0.0002593994,-0.0005645752,0.00067457295,0.0031182815,-0.00028654624,0.9999985,0.002348376,-0.000005294919,-0.0023483743,0.9999985,-0.000026911477,0.0000052316104,0.000026924,1
1576131468391,-0.105285645,-0.07417297,10.1814575,0.0021820068,0.0002593994,-0.001159668,0.0006710365,0.003122251,-0.0002870614,0.9999985,0.0023484023,-0.000005317054,-0.0023484007,0.9999985,-0.000027057493,0.000005253402,0.00002707007,1
1576131468391,-0.110076904,-0.098098755,10.19104,0.0021820068,-0.0009613037,-0.0005645752,0.00067064783,0.003123262,-0.00028703053,0.9999985,0.002348413,-0.000005325104,-0.0023484114,0.9999985,-0.000027084152,0.0000052613896,0.000027096748,1
1576131468405,-0.088531494,-0.055038452,10.207779,0.0015869141,-0.0021820068,0.0018920898,0.0006695699,0.0031277756,-0.00028678912,0.9999985,0.0023483816,-0.0000053651474,-0.00234838,0.9999985,-0.000027134189,0.000005301316,0.000027146878,1
1576131468424,-0.023925781,-0.04547119,10.19342,0.0009613037,-0.0021820068,-0.001159668,0.00067373976,0.0031440957,-0.00028743484,0.9999985,0.0023484135,-0.000005444968,-0.0023484118,0.9999985,-0.000027258495,0.0000053808444,0.00002727137,1
1576131468444,-0.04307556,-0.059814453,10.1766815,0.0021820068,-0.00035095215,0.0006713867,0.00068616914,0.0031621887,-0.00028736726,0.9999985,0.0023484025,-0.000005452668,-0.002348401,0.9999985,-0.000027283117,0.000005388487,0.000027296008,1
1576131468444,-0.04307556,-0.059814453,10.1766815,0.0021820068,-0.00035095215,0.0006713867,0.00068616914,0.0031621887,-0.00028736726,0.9999985,0.0023484025,-0.000005452668,-0.002348401,0.9999985,-0.000027283117,0.000005388487,0.000027296008,1
1576131468456,-0.059814453,-0.059814453,10.157532,-0.0002593994,0.000869751,0.000061035156,0.0006922223,0.0031702719,-0.00028771884,0.9999985,0.0023483855,-0.0000054451693,-0.002348384,0.9999985,-0.00002728437,0.000005380986,0.000027297243,1
1576131468473,-0.093322754,-0.08135986,10.186249,-0.0008544922,-0.00035095215,0.0006713867,0.0006986239,0.0031848543,-0.0002882302,0.9999985,0.00234837,-0.0000053796366,-0.0023483683,0.9999985,-0.000027254262,0.000005315524,0.000027266982,1
1576131468490,-0.117248535,-0.090927124,10.169495,-0.0008544922,0.0002593994,0.000061035156,0.00069909275,0.0031941016,-0.00028841183,0.9999985,0.002348366,-0.000005324392,-0.0023483643,0.9999985,-0.000027197495,0.0000052604128,0.000027210088,1
1576131468506,-0.098098755,-0.102890015,10.179062,-0.0032958984,-0.0015869141,-0.0017852783,0.00069789536,0.0032035364,-0.00028929388,0.9999985,0.0023483955,-0.000005298514,-0.002348394,0.9999985,-0.000027060105,0.0000052348573,0.00002707264,1
1576131468506,-0.098098755,-0.102890015,10.179062,-0.0032958984,-0.0015869141,-0.0017852783,0.00069789536,0.0032035364,-0.00028929388,0.9999985,0.0023483955,-0.000005298514,-0.002348394,0.9999985,-0.000027060105,0.0000052348573,0.00002707264,1
1576131468522,-0.059814453,-0.124420166,10.188644,-0.0020751953,0.0002593994,0.000061035156,0.0006967325,0.003209258,-0.00029051927,0.9999985,0.0023484095,-0.0000052925607,-0.0023484079,0.9999985,-0.00002697686,0.000005229099,0.00002698938,1
1576131468541,-0.07417297,-0.15074158,10.164719,-0.0014801025,0.000869751,0.0006713867,0.0006992956,0.003213269,-0.0002921101,0.9999985,0.0023484302,-0.0000052701407,-0.0023484286,0.9999985,-0.000026889957,0.000005206883,0.000026902424,1
1576131468561,-0.06460571,-0.15792847,10.19342,-0.0014801025,-0.0009613037,0.000061035156,0.0007028371,0.0032118505,-0.0002940239,0.9999985,0.002348409,-0.000005261523,-0.0023484074,0.9999985,-0.000026838965,0.0000051983848,0.000026851412,1
1576131468561,-0.06460571,-0.15792847,10.19342,-0.0014801025,-0.0009613037,0.000061035156,0.0007028371,0.0032118505,-0.0002940239,0.9999985,0.002348409,-0.000005261523,-0.0023484074,0.9999985,-0.000026838965,0.0000051983848,0.000026851412,1
1576131468573,-0.095718384,-0.17945862,10.210175,0.00036621094,0.000869751,0.0006713867,0.00070427946,0.003209143,-0.00029419945,0.9999985,0.0023484367,-0.0000052620203,-0.002348435,0.9999985,-0.00002685322,0.000005198848,0.000026865668,1
1576131468590,-0.107681274,-0.13877869,10.1814575,0.0015869141,0.0002593994,0.0012817383,0.0007045069,0.0032050656,-0.00029323698,0.9999985,0.002348415,-0.0000052618384,-0.0023484135,0.9999985,-0.000026882395,0.0000051985976,0.000026894842,1
1576131468609,-0.050247192,-0.088531494,10.179062,0.0021820068,-0.00035095215,-0.0005645752,0.00070657895,0.0032064011,-0.00029373198,0.9999985,0.0023484167,-0.0000052538153,-0.002348415,0.9999985,-0.000026956122,0.0000051904017,0.00002696855,1
1576131468609,-0.050247192,-0.088531494,10.179062,0.0021820068,-0.00035095215,-0.0005645752,0.00070657895,0.0032064011,-0.00029373198,0.9999985,0.0023484167,-0.0000052538153,-0.002348415,0.9999985,-0.000026956122,0.0000051904017,0.00002696855,1
1576131468623,-0.021530151,-0.08135986,10.174286,0.00036621094,-0.00035095215,-0.001159668,0.00071039237,0.0032114414,-0.0002943854,0.9999985,0.0023484307,-0.0000052679616,-0.002348429,0.9999985,-0.00002698527,0.0000052044793,0.000026997732,1
1576131468640,-0.04547119,-0.026321411,10.155136,-0.0002593994,-0.00035095215,0.000061035156,0.000720085,0.0032218082,-0.00029566107,0.9999985,0.002348458,-0.00000526124,-0.0023484563,0.9999985,-0.000026998203,0.000005197728,0.00002701065,1
1576131468656,-0.062210083,-0.04307556,10.1814575,-0.0008544922,0.000869751,-0.002380371,0.00072868,0.003236476,-0.000296842,0.9999985,0.0023484668,-0.0000052486434,-0.0023484651,0.9999985,-0.000027001597,0.000005185124,0.00002701401,1
1576131468677,-0.15074158,-0.119644165,10.162323,-0.0008544922,0.000869751,-0.0005645752,0.0007329862,0.0032503908,-0.0002987035,0.9999985,0.0023484621,-0.0000051739507,-0.0023484605,0.9999985,-0.00002692132,0.00000511062,0.000026933558,1
1576131468677,-0.15074158,-0.119644165,10.162323,-0.0008544922,0.000869751,-0.0005645752,0.0007329862,0.0032503908,-0.0002987035,0.9999985,0.0023484621,-0.0000051739507,-0.0023484605,0.9999985,-0.00002692132,0.00000511062,0.000026933558,1
1576131468702,-0.1603241,-0.21534729,10.169495,0.00036621094,-0.0015869141,0.0012817383,0.00072224287,0.0032490243,-0.00029975793,0.9999985,0.0023484353,-0.000005172823,-0.0023484337,0.9999985,-0.000026858863,0.00000510964,0.0000268711,1
1576131468707,-0.15792847,-0.23928833,10.19104,0.00036621094,-0.0021820068,0.000061035156,0.0007193308,0.003246135,-0.00030001724,0.9999985,0.002348435,-0.000005184766,-0.0023484335,0.9999985,-0.000026860838,0.0000051215784,0.000026873104,1
